[{"model": "admin.logentry", "pk": 1, "fields": {"action_time": "2024-09-18T15:42:37.274Z", "user": 1, "content_type": 3, "object_id": "1", "object_repr": "admin", "action_flag": 1, "change_message": "[{\"added\": {}}]"}}, {"model": "admin.logentry", "pk": 2, "fields": {"action_time": "2024-09-18T15:42:44.234Z", "user": 1, "content_type": 3, "object_id": "2", "object_repr": "professor", "action_flag": 1, "change_message": "[{\"added\": {}}]"}}, {"model": "admin.logentry", "pk": 3, "fields": {"action_time": "2024-09-18T15:42:50.400Z", "user": 1, "content_type": 3, "object_id": "3", "object_repr": "student", "action_flag": 1, "change_message": "[{\"added\": {}}]"}}, {"model": "admin.logentry", "pk": 4, "fields": {"action_time": "2024-09-19T01:04:39.036Z", "user": 1, "content_type": 4, "object_id": "2", "object_repr": "professor01", "action_flag": 1, "change_message": "[{\"added\": {}}]"}}, {"model": "admin.logentry", "pk": 5, "fields": {"action_time": "2024-09-19T01:04:59.286Z", "user": 1, "content_type": 4, "object_id": "3", "object_repr": "professor02", "action_flag": 1, "change_message": "[{\"added\": {}}]"}}, {"model": "admin.logentry", "pk": 6, "fields": {"action_time": "2024-09-19T01:05:27.747Z", "user": 1, "content_type": 4, "object_id": "4", "object_repr": "professor03", "action_flag": 1, "change_message": "[{\"added\": {}}]"}}, {"model": "admin.logentry", "pk": 7, "fields": {"action_time": "2024-09-19T01:05:54.308Z", "user": 1, "content_type": 4, "object_id": "5", "object_repr": "professor04", "action_flag": 1, "change_message": "[{\"added\": {}}]"}}, {"model": "admin.logentry", "pk": 8, "fields": {"action_time": "2024-09-19T01:06:21.902Z", "user": 1, "content_type": 4, "object_id": "6", "object_repr": "professor05", "action_flag": 1, "change_message": "[{\"added\": {}}]"}}, {"model": "admin.logentry", "pk": 9, "fields": {"action_time": "2024-09-19T01:06:35.207Z", "user": 1, "content_type": 4, "object_id": "7", "object_repr": "professor06", "action_flag": 1, "change_message": "[{\"added\": {}}]"}}, {"model": "admin.logentry", "pk": 10, "fields": {"action_time": "2024-09-19T01:06:46.919Z", "user": 1, "content_type": 4, "object_id": "8", "object_repr": "professor07", "action_flag": 1, "change_message": "[{\"added\": {}}]"}}, {"model": "admin.logentry", "pk": 11, "fields": {"action_time": "2024-09-19T01:06:52.964Z", "user": 1, "content_type": 4, "object_id": "8", "object_repr": "professor07", "action_flag": 2, "change_message": "[]"}}, {"model": "admin.logentry", "pk": 12, "fields": {"action_time": "2024-09-19T01:07:10.009Z", "user": 1, "content_type": 4, "object_id": "9", "object_repr": "professor08", "action_flag": 1, "change_message": "[{\"added\": {}}]"}}, {"model": "admin.logentry", "pk": 13, "fields": {"action_time": "2024-09-19T01:07:25.941Z", "user": 1, "content_type": 4, "object_id": "10", "object_repr": "professor09", "action_flag": 1, "change_message": "[{\"added\": {}}]"}}, {"model": "admin.logentry", "pk": 14, "fields": {"action_time": "2024-09-19T01:07:39.819Z", "user": 1, "content_type": 4, "object_id": "11", "object_repr": "professor10", "action_flag": 1, "change_message": "[{\"added\": {}}]"}}, {"model": "admin.logentry", "pk": 15, "fields": {"action_time": "2024-09-19T01:08:40.544Z", "user": 1, "content_type": 16, "object_id": "1", "object_repr": "professor01", "action_flag": 1, "change_message": "[{\"added\": {}}]"}}, {"model": "admin.logentry", "pk": 16, "fields": {"action_time": "2024-09-19T01:09:06.517Z", "user": 1, "content_type": 16, "object_id": "2", "object_repr": "professor02", "action_flag": 1, "change_message": "[{\"added\": {}}]"}}, {"model": "admin.logentry", "pk": 17, "fields": {"action_time": "2024-09-19T01:09:14.974Z", "user": 1, "content_type": 16, "object_id": "1", "object_repr": "professor01", "action_flag": 2, "change_message": "[{\"changed\": {\"fields\": [\"Is professor\"]}}]"}}, {"model": "admin.logentry", "pk": 18, "fields": {"action_time": "2024-09-19T01:09:21.256Z", "user": 1, "content_type": 16, "object_id": "2", "object_repr": "professor02", "action_flag": 2, "change_message": "[{\"changed\": {\"fields\": [\"Is professor\"]}}]"}}, {"model": "admin.logentry", "pk": 19, "fields": {"action_time": "2024-09-19T01:09:50.527Z", "user": 1, "content_type": 16, "object_id": "3", "object_repr": "professor03", "action_flag": 1, "change_message": "[{\"added\": {}}]"}}, {"model": "admin.logentry", "pk": 20, "fields": {"action_time": "2024-09-19T01:10:13.784Z", "user": 1, "content_type": 16, "object_id": "4", "object_repr": "professor04", "action_flag": 1, "change_message": "[{\"added\": {}}]"}}, {"model": "admin.logentry", "pk": 21, "fields": {"action_time": "2024-09-19T01:10:36.199Z", "user": 1, "content_type": 16, "object_id": "5", "object_repr": "professor05", "action_flag": 1, "change_message": "[{\"added\": {}}]"}}, {"model": "admin.logentry", "pk": 22, "fields": {"action_time": "2024-09-19T01:10:47.849Z", "user": 1, "content_type": 16, "object_id": "4", "object_repr": "professor04", "action_flag": 2, "change_message": "[{\"changed\": {\"fields\": [\"Is student\", \"Is professor\"]}}]"}}, {"model": "admin.logentry", "pk": 23, "fields": {"action_time": "2024-09-19T01:10:54.808Z", "user": 1, "content_type": 16, "object_id": "3", "object_repr": "professor03", "action_flag": 2, "change_message": "[]"}}, {"model": "admin.logentry", "pk": 24, "fields": {"action_time": "2024-09-19T01:11:20.451Z", "user": 1, "content_type": 16, "object_id": "6", "object_repr": "professor06", "action_flag": 1, "change_message": "[{\"added\": {}}]"}}, {"model": "admin.logentry", "pk": 25, "fields": {"action_time": "2024-09-19T01:11:48.946Z", "user": 1, "content_type": 16, "object_id": "7", "object_repr": "professor07", "action_flag": 1, "change_message": "[{\"added\": {}}]"}}, {"model": "admin.logentry", "pk": 26, "fields": {"action_time": "2024-09-19T01:12:40.409Z", "user": 1, "content_type": 16, "object_id": "8", "object_repr": "professor08", "action_flag": 1, "change_message": "[{\"added\": {}}]"}}, {"model": "admin.logentry", "pk": 27, "fields": {"action_time": "2024-09-19T01:13:34.784Z", "user": 1, "content_type": 16, "object_id": "9", "object_repr": "professor09", "action_flag": 1, "change_message": "[{\"added\": {}}]"}}, {"model": "admin.logentry", "pk": 28, "fields": {"action_time": "2024-09-19T01:14:03.089Z", "user": 1, "content_type": 16, "object_id": "10", "object_repr": "professor10", "action_flag": 1, "change_message": "[{\"added\": {}}]"}}, {"model": "admin.logentry", "pk": 29, "fields": {"action_time": "2024-09-19T01:14:51.535Z", "user": 1, "content_type": 14, "object_id": "1", "object_repr": "School of Nursing and Allied Medical Sciences", "action_flag": 1, "change_message": "[{\"added\": {}}]"}}, {"model": "admin.logentry", "pk": 30, "fields": {"action_time": "2024-09-19T01:15:00.355Z", "user": 1, "content_type": 14, "object_id": "2", "object_repr": "School of Arts and Sciences", "action_flag": 1, "change_message": "[{\"added\": {}}]"}}, {"model": "admin.logentry", "pk": 31, "fields": {"action_time": "2024-09-19T01:15:08.588Z", "user": 1, "content_type": 14, "object_id": "3", "object_repr": "College of Criminal Justice Education and Forensic", "action_flag": 1, "change_message": "[{\"added\": {}}]"}}, {"model": "admin.logentry", "pk": 32, "fields": {"action_time": "2024-09-19T01:15:14.703Z", "user": 1, "content_type": 14, "object_id": "4", "object_repr": "School of Computing", "action_flag": 1, "change_message": "[{\"added\": {}}]"}}, {"model": "admin.logentry", "pk": 33, "fields": {"action_time": "2024-09-19T01:15:24.379Z", "user": 1, "content_type": 14, "object_id": "5", "object_repr": "School of Education", "action_flag": 1, "change_message": "[{\"added\": {}}]"}}, {"model": "admin.logentry", "pk": 34, "fields": {"action_time": "2024-09-19T01:15:38.655Z", "user": 1, "content_type": 14, "object_id": "6", "object_repr": "School of Hospitality and Tourism Management", "action_flag": 1, "change_message": "[{\"added\": {}}]"}}, {"model": "admin.logentry", "pk": 35, "fields": {"action_time": "2024-09-19T01:15:48.283Z", "user": 1, "content_type": 14, "object_id": "7", "object_repr": "School of Business and Accountancy", "action_flag": 1, "change_message": "[{\"added\": {}}]"}}, {"model": "admin.logentry", "pk": 36, "fields": {"action_time": "2024-09-19T01:15:55.057Z", "user": 1, "content_type": 14, "object_id": "8", "object_repr": "School of Engineering and Architecture", "action_flag": 1, "change_message": "[{\"added\": {}}]"}}, {"model": "admin.logentry", "pk": 37, "fields": {"action_time": "2024-09-19T01:16:42.990Z", "user": 1, "content_type": 10, "object_id": "1", "object_repr": "professor01 - School of Engineering and Architecture", "action_flag": 1, "change_message": "[{\"added\": {}}]"}}, {"model": "admin.logentry", "pk": 38, "fields": {"action_time": "2024-09-19T01:16:55.505Z", "user": 1, "content_type": 10, "object_id": "2", "object_repr": "professor02 - School of Engineering and Architecture", "action_flag": 1, "change_message": "[{\"added\": {}}]"}}, {"model": "admin.logentry", "pk": 39, "fields": {"action_time": "2024-09-19T01:17:09.979Z", "user": 1, "content_type": 10, "object_id": "3", "object_repr": "professor03 - College of Criminal Justice Education and Forensic", "action_flag": 1, "change_message": "[{\"added\": {}}]"}}, {"model": "admin.logentry", "pk": 40, "fields": {"action_time": "2024-09-19T01:17:27.051Z", "user": 1, "content_type": 10, "object_id": "4", "object_repr": "professor04 - School of Engineering and Architecture", "action_flag": 1, "change_message": "[{\"added\": {}}]"}}, {"model": "admin.logentry", "pk": 41, "fields": {"action_time": "2024-09-19T01:17:56.585Z", "user": 1, "content_type": 10, "object_id": "5", "object_repr": "professor05 - School of Computing", "action_flag": 1, "change_message": "[{\"added\": {}}]"}}, {"model": "admin.logentry", "pk": 42, "fields": {"action_time": "2024-09-19T01:18:13.520Z", "user": 1, "content_type": 10, "object_id": "6", "object_repr": "professor06 - School of Nursing and Allied Medical Sciences", "action_flag": 1, "change_message": "[{\"added\": {}}]"}}, {"model": "admin.logentry", "pk": 43, "fields": {"action_time": "2024-09-19T01:18:34.108Z", "user": 1, "content_type": 10, "object_id": "7", "object_repr": "professor07 - School of Arts and Sciences", "action_flag": 1, "change_message": "[{\"added\": {}}]"}}, {"model": "admin.logentry", "pk": 44, "fields": {"action_time": "2024-09-19T01:18:45.000Z", "user": 1, "content_type": 10, "object_id": "8", "object_repr": "professor09 - School of Nursing and Allied Medical Sciences", "action_flag": 1, "change_message": "[{\"added\": {}}]"}}, {"model": "admin.logentry", "pk": 45, "fields": {"action_time": "2024-09-19T01:19:01.227Z", "user": 1, "content_type": 10, "object_id": "9", "object_repr": "professor08 - School of Education", "action_flag": 1, "change_message": "[{\"added\": {}}]"}}, {"model": "admin.logentry", "pk": 46, "fields": {"action_time": "2024-09-19T01:19:22.308Z", "user": 1, "content_type": 10, "object_id": "10", "object_repr": "professor10 - College of Criminal Justice Education and Forensic", "action_flag": 1, "change_message": "[{\"added\": {}}]"}}, {"model": "admin.logentry", "pk": 47, "fields": {"action_time": "2024-09-19T01:20:23.568Z", "user": 1, "content_type": 13, "object_id": "1", "object_repr": "CPE-101", "action_flag": 1, "change_message": "[{\"added\": {}}]"}}, {"model": "admin.logentry", "pk": 48, "fields": {"action_time": "2024-09-19T01:20:31.774Z", "user": 1, "content_type": 13, "object_id": "2", "object_repr": "CPE-102", "action_flag": 1, "change_message": "[{\"added\": {}}]"}}, {"model": "admin.logentry", "pk": 49, "fields": {"action_time": "2024-09-19T01:20:37.741Z", "user": 1, "content_type": 13, "object_id": "3", "object_repr": "CPE-103", "action_flag": 1, "change_message": "[{\"added\": {}}]"}}, {"model": "admin.logentry", "pk": 50, "fields": {"action_time": "2024-09-19T01:20:46.242Z", "user": 1, "content_type": 13, "object_id": "4", "object_repr": "CPE-201", "action_flag": 1, "change_message": "[{\"added\": {}}]"}}, {"model": "admin.logentry", "pk": 51, "fields": {"action_time": "2024-09-19T01:20:52.167Z", "user": 1, "content_type": 13, "object_id": "5", "object_repr": "CPE-202", "action_flag": 1, "change_message": "[{\"added\": {}}]"}}, {"model": "admin.logentry", "pk": 52, "fields": {"action_time": "2024-09-19T01:20:57.169Z", "user": 1, "content_type": 13, "object_id": "6", "object_repr": "CPE-203", "action_flag": 1, "change_message": "[{\"added\": {}}]"}}, {"model": "admin.logentry", "pk": 53, "fields": {"action_time": "2024-09-19T01:21:02.332Z", "user": 1, "content_type": 13, "object_id": "7", "object_repr": "CPE-301", "action_flag": 1, "change_message": "[{\"added\": {}}]"}}, {"model": "admin.logentry", "pk": 54, "fields": {"action_time": "2024-09-19T01:21:07.073Z", "user": 1, "content_type": 13, "object_id": "8", "object_repr": "CPE-302", "action_flag": 1, "change_message": "[{\"added\": {}}]"}}, {"model": "admin.logentry", "pk": 55, "fields": {"action_time": "2024-09-19T01:21:14.775Z", "user": 1, "content_type": 13, "object_id": "9", "object_repr": "CPE-401", "action_flag": 1, "change_message": "[{\"added\": {}}]"}}, {"model": "admin.logentry", "pk": 56, "fields": {"action_time": "2024-09-19T01:22:13.253Z", "user": 1, "content_type": 15, "object_id": "1", "object_repr": "1st 2024-2025", "action_flag": 1, "change_message": "[{\"added\": {}}]"}}, {"model": "admin.logentry", "pk": 57, "fields": {"action_time": "2024-09-19T01:22:20.989Z", "user": 1, "content_type": 15, "object_id": "2", "object_repr": "2nd 2024-2025", "action_flag": 1, "change_message": "[{\"added\": {}}]"}}, {"model": "admin.logentry", "pk": 58, "fields": {"action_time": "2024-09-19T01:22:31.675Z", "user": 1, "content_type": 15, "object_id": "3", "object_repr": "3rd 2024-2025", "action_flag": 1, "change_message": "[{\"added\": {}}]"}}, {"model": "admin.logentry", "pk": 59, "fields": {"action_time": "2024-09-19T01:23:06.436Z", "user": 1, "content_type": 7, "object_id": "1", "object_repr": "Azalia | Exerci:Cassandra Hull - Excepteur qui recusandae Similique recusandae Qui laudantium omnis in deserunt nulla est minima", "action_flag": 1, "change_message": "[{\"added\": {}}]"}}, {"model": "admin.logentry", "pk": 60, "fields": {"action_time": "2024-09-19T01:23:23.427Z", "user": 1, "content_type": 7, "object_id": "2", "object_repr": "Laurel | Quasi:Magee Waters - Ipsam unde laborum et aut eum elit et mollit laboriosam voluptates delectus tempore molestiae eos assumenda architecto et ea", "action_flag": 1, "change_message": "[{\"added\": {}}]"}}, {"model": "admin.logentry", "pk": 61, "fields": {"action_time": "2024-09-19T01:23:48.578Z", "user": 1, "content_type": 7, "object_id": "3", "object_repr": "Azalia | Eos e:Willa Martin - Odit fuga Dicta ea voluptas delectus sed facere esse sequi harum aut voluptatem proident iusto", "action_flag": 1, "change_message": "[{\"added\": {}}]"}}, {"model": "admin.logentry", "pk": 62, "fields": {"action_time": "2024-09-19T01:24:11.118Z", "user": 1, "content_type": 7, "object_id": "4", "object_repr": "Teagan | Ad Nam:Iris Bean - Aspernatur sequi cum quia ex", "action_flag": 1, "change_message": "[{\"added\": {}}]"}}, {"model": "admin.logentry", "pk": 63, "fields": {"action_time": "2024-09-19T01:24:34.056Z", "user": 1, "content_type": 7, "object_id": "5", "object_repr": "Dahlia | Ut deb:Fiona Alston - Unde rerum sit ut adipisicing quibusdam quidem in excepturi eius minus harum qui unde tempora a dolor", "action_flag": 1, "change_message": "[{\"added\": {}}]"}}, {"model": "admin.logentry", "pk": 64, "fields": {"action_time": "2024-09-19T01:24:59.094Z", "user": 1, "content_type": 7, "object_id": "6", "object_repr": "Dahlia | Ut off:Odette Powell - Irure dolores hic sunt incididunt autem tenetur placeat inventore ratione quos saepe nihil mollit repudiandae laboriosam ut", "action_flag": 1, "change_message": "[{\"added\": {}}]"}}, {"model": "admin.logentry", "pk": 65, "fields": {"action_time": "2024-09-19T01:25:17.443Z", "user": 1, "content_type": 7, "object_id": "7", "object_repr": "Kellie | Impedi:Oleg Paul - Excepturi dolor unde in asperiores error sed autem aspernatur id ullamco corrupti sit", "action_flag": 1, "change_message": "[{\"added\": {}}]"}}, {"model": "admin.logentry", "pk": 66, "fields": {"action_time": "2024-09-19T01:25:54.014Z", "user": 1, "content_type": 7, "object_id": "8", "object_repr": "Macey | Id at:Jeanette Bush - Doloremque ea sed reprehenderit provident omnis numquam quis consequatur", "action_flag": 1, "change_message": "[{\"added\": {}}]"}}, {"model": "admin.logentry", "pk": 67, "fields": {"action_time": "2024-09-19T01:26:04.500Z", "user": 1, "content_type": 7, "object_id": "9", "object_repr": "Kellie | Quis u:Beatrice Brown - Tempor amet reiciendis mollit et sit libero ex", "action_flag": 1, "change_message": "[{\"added\": {}}]"}}, {"model": "admin.logentry", "pk": 68, "fields": {"action_time": "2024-09-19T01:26:28.089Z", "user": 1, "content_type": 7, "object_id": "10", "object_repr": "Iris | In et:Palmer Gallagher - Dolor soluta non ut qui", "action_flag": 1, "change_message": "[{\"added\": {}}]"}}, {"model": "admin.logentry", "pk": 69, "fields": {"action_time": "2024-09-19T01:27:19.864Z", "user": 1, "content_type": 7, "object_id": "11", "object_repr": "Iris | Ab qua:Kylan Clark - Modi debitis sequi praesentium quod et voluptas minima qui odio animi nemo aliqua Hic molestiae laborum Praesentium sed", "action_flag": 1, "change_message": "[{\"added\": {}}]"}}, {"model": "admin.logentry", "pk": 70, "fields": {"action_time": "2024-09-19T01:27:37.767Z", "user": 1, "content_type": 7, "object_id": "12", "object_repr": "Azalia | Aut et:Conan Pratt - Nostrud est ut doloribus culpa aute et", "action_flag": 1, "change_message": "[{\"added\": {}}]"}}, {"model": "admin.logentry", "pk": 71, "fields": {"action_time": "2024-09-19T01:27:53.145Z", "user": 1, "content_type": 7, "object_id": "13", "object_repr": "Hilel | Quis e:Chelsea Bridges - Consequat Autem cillum cumque possimus laboriosam ad", "action_flag": 1, "change_message": "[{\"added\": {}}]"}}, {"model": "admin.logentry", "pk": 72, "fields": {"action_time": "2024-09-19T01:28:10.131Z", "user": 1, "content_type": 7, "object_id": "14", "object_repr": "Macey | Est si:Xander Ortiz - Nulla et aut nulla maxime aut ut numquam est officia laboriosam nisi saepe", "action_flag": 1, "change_message": "[{\"added\": {}}]"}}, {"model": "admin.logentry", "pk": 73, "fields": {"action_time": "2024-09-19T01:28:23.983Z", "user": 1, "content_type": 7, "object_id": "15", "object_repr": "Azalia | Volupt:Sonia Mathis - Esse labore libero ut qui voluptatem voluptate id dolor numquam magnam et", "action_flag": 1, "change_message": "[{\"added\": {}}]"}}, {"model": "admin.logentry", "pk": 74, "fields": {"action_time": "2024-09-19T01:28:43.243Z", "user": 1, "content_type": 7, "object_id": "16", "object_repr": "Melinda | Quos s:Rahim Delaney - Deleniti non eveniet pariatur Neque non vero sit exercitation qui est cupiditate qui dolores doloremque reprehenderit quaerat", "action_flag": 1, "change_message": "[{\"added\": {}}]"}}, {"model": "admin.logentry", "pk": 75, "fields": {"action_time": "2024-09-19T01:29:46.517Z", "user": 1, "content_type": 7, "object_id": "17", "object_repr": "Laurel | Quo id:Myra Byrd - Sunt ab dolore veniam aut in voluptates ut molestiae vero omnis ullamco", "action_flag": 1, "change_message": "[{\"added\": {}}]"}}, {"model": "admin.logentry", "pk": 76, "fields": {"action_time": "2024-09-19T01:30:09.181Z", "user": 1, "content_type": 7, "object_id": "18", "object_repr": "Iris | Ut nes:Laith Day - Eos nesciunt dicta voluptas facere sit cupiditate atque quo culpa quo proident et exercitation pariatur", "action_flag": 1, "change_message": "[{\"added\": {}}]"}}, {"model": "admin.logentry", "pk": 77, "fields": {"action_time": "2024-09-19T01:30:22.917Z", "user": 1, "content_type": 7, "object_id": "19", "object_repr": "MacKenzie | Deseru:Kevyn Mayer - Aut irure dolores debitis ab sit veniam doloribus", "action_flag": 1, "change_message": "[{\"added\": {}}]"}}, {"model": "admin.logentry", "pk": 78, "fields": {"action_time": "2024-09-19T01:30:34.602Z", "user": 1, "content_type": 7, "object_id": "20", "object_repr": "Dahlia | Eos m:Donovan Sargent - Exercitationem consequatur tempore omnis aut commodo ducimus et voluptatibus aut eligendi assumenda error quasi", "action_flag": 1, "change_message": "[{\"added\": {}}]"}}, {"model": "admin.logentry", "pk": 79, "fields": {"action_time": "2024-09-19T01:30:46.522Z", "user": 1, "content_type": 7, "object_id": "21", "object_repr": "Teagan | Aperia:Warren Scott - Impedit cillum officia qui obcaecati culpa", "action_flag": 1, "change_message": "[{\"added\": {}}]"}}, {"model": "admin.logentry", "pk": 80, "fields": {"action_time": "2024-09-19T01:30:59.137Z", "user": 1, "content_type": 7, "object_id": "22", "object_repr": "Azalia | Commod:Henry Clayton - Id incididunt velit quo accusantium ut accusamus qui et et incidunt aspernatur rerum maxime enim sed officia commodo dolorum", "action_flag": 1, "change_message": "[{\"added\": {}}]"}}, {"model": "admin.logentry", "pk": 81, "fields": {"action_time": "2024-09-19T01:31:21.413Z", "user": 1, "content_type": 7, "object_id": "23", "object_repr": "Dahlia | Quo vo:Molly Mccray - Maiores in dolor qui voluptate non a debitis deleniti culpa cupiditate illo est nulla corrupti reprehenderit anim anim eos", "action_flag": 1, "change_message": "[{\"added\": {}}]"}}, {"model": "admin.logentry", "pk": 82, "fields": {"action_time": "2024-09-19T01:31:33.758Z", "user": 1, "content_type": 7, "object_id": "24", "object_repr": "Teagan | Et asp:Dominique Livingston - Assumenda minim deserunt corrupti veniam labore est dolor id sint ducimus possimus ducimus dolor amet", "action_flag": 1, "change_message": "[{\"added\": {}}]"}}, {"model": "admin.logentry", "pk": 83, "fields": {"action_time": "2024-09-19T01:31:48.773Z", "user": 1, "content_type": 7, "object_id": "25", "object_repr": "MacKenzie | Deleni:Axel Joseph - Cumque nostrud exercitationem velit id sit exercitationem omnis commodi non exercitationem amet quia minus", "action_flag": 1, "change_message": "[{\"added\": {}}]"}}, {"model": "admin.logentry", "pk": 84, "fields": {"action_time": "2024-09-19T01:32:08.985Z", "user": 1, "content_type": 7, "object_id": "26", "object_repr": "Teagan | Incidi:Pandora Davenport - Labore aliquip rerum libero molestiae eligendi aut enim voluptas id lorem officia sit veritatis sed quo est voluptas rerum", "action_flag": 1, "change_message": "[{\"added\": {}}]"}}, {"model": "admin.logentry", "pk": 85, "fields": {"action_time": "2024-09-19T01:32:22.339Z", "user": 1, "content_type": 7, "object_id": "27", "object_repr": "Laurel | Earum:Fiona Luna - Sed et labore sint fugiat dolor debitis qui tenetur sit quia possimus adipisci delectus molestias qui pariatur Quis nobis", "action_flag": 1, "change_message": "[{\"added\": {}}]"}}, {"model": "admin.logentry", "pk": 86, "fields": {"action_time": "2024-09-19T01:33:23.713Z", "user": 1, "content_type": 7, "object_id": "28", "object_repr": "Melinda | Dolore:Pamela Rutledge - Sunt do impedit fugit magnam qui rem", "action_flag": 1, "change_message": "[{\"added\": {}}]"}}, {"model": "admin.logentry", "pk": 87, "fields": {"action_time": "2024-09-19T01:33:36.623Z", "user": 1, "content_type": 7, "object_id": "29", "object_repr": "MacKenzie | Facere:Kiara Wallace - Quo cupiditate deserunt consequatur aut vel explicabo Molestiae ut iusto facilis", "action_flag": 1, "change_message": "[{\"added\": {}}]"}}, {"model": "admin.logentry", "pk": 88, "fields": {"action_time": "2024-09-19T01:33:48.544Z", "user": 1, "content_type": 7, "object_id": "30", "object_repr": "Teagan | Et off:Wynne Rice - Beatae consequatur Corporis non porro laudantium enim voluptatem Laboriosam perferendis obcaecati obcaecati dolore voluptas", "action_flag": 1, "change_message": "[{\"added\": {}}]"}}, {"model": "admin.logentry", "pk": 89, "fields": {"action_time": "2024-09-19T01:34:09.736Z", "user": 1, "content_type": 7, "object_id": "31", "object_repr": "Iris | Sint a:Raymond Mercer - Aut provident amet animi est fuga Veritatis molestiae sint dolores molestiae", "action_flag": 1, "change_message": "[{\"added\": {}}]"}}, {"model": "admin.logentry", "pk": 90, "fields": {"action_time": "2024-09-19T01:34:23.865Z", "user": 1, "content_type": 7, "object_id": "31", "object_repr": "Iris | Sint a:Raymond Mercer - Aut provident amet animi est fuga Veritatis molestiae sint dolores molestiae", "action_flag": 3, "change_message": ""}}, {"model": "admin.logentry", "pk": 91, "fields": {"action_time": "2024-09-19T01:37:11.689Z", "user": 1, "content_type": 4, "object_id": "2", "object_repr": "professor01", "action_flag": 2, "change_message": "[{\"changed\": {\"fields\": [\"Groups\"]}}]"}}, {"model": "admin.logentry", "pk": 92, "fields": {"action_time": "2024-09-19T01:37:18.870Z", "user": 1, "content_type": 4, "object_id": "3", "object_repr": "professor02", "action_flag": 2, "change_message": "[{\"changed\": {\"fields\": [\"Groups\"]}}]"}}, {"model": "admin.logentry", "pk": 93, "fields": {"action_time": "2024-09-19T01:37:25.863Z", "user": 1, "content_type": 4, "object_id": "4", "object_repr": "professor03", "action_flag": 2, "change_message": "[{\"changed\": {\"fields\": [\"Groups\"]}}]"}}, {"model": "admin.logentry", "pk": 94, "fields": {"action_time": "2024-09-19T01:37:32.208Z", "user": 1, "content_type": 4, "object_id": "5", "object_repr": "professor04", "action_flag": 2, "change_message": "[{\"changed\": {\"fields\": [\"Groups\"]}}]"}}, {"model": "admin.logentry", "pk": 95, "fields": {"action_time": "2024-09-19T01:37:42.823Z", "user": 1, "content_type": 4, "object_id": "6", "object_repr": "professor05", "action_flag": 2, "change_message": "[{\"changed\": {\"fields\": [\"Groups\"]}}]"}}, {"model": "admin.logentry", "pk": 96, "fields": {"action_time": "2024-09-19T01:37:50.487Z", "user": 1, "content_type": 4, "object_id": "7", "object_repr": "professor06", "action_flag": 2, "change_message": "[{\"changed\": {\"fields\": [\"Groups\"]}}]"}}, {"model": "admin.logentry", "pk": 97, "fields": {"action_time": "2024-09-19T01:37:59.552Z", "user": 1, "content_type": 4, "object_id": "8", "object_repr": "professor07", "action_flag": 2, "change_message": "[{\"changed\": {\"fields\": [\"Groups\"]}}]"}}, {"model": "admin.logentry", "pk": 98, "fields": {"action_time": "2024-09-19T01:38:07.118Z", "user": 1, "content_type": 4, "object_id": "9", "object_repr": "professor08", "action_flag": 2, "change_message": "[{\"changed\": {\"fields\": [\"Groups\"]}}]"}}, {"model": "admin.logentry", "pk": 99, "fields": {"action_time": "2024-09-19T01:38:16.100Z", "user": 1, "content_type": 4, "object_id": "10", "object_repr": "professor09", "action_flag": 2, "change_message": "[{\"changed\": {\"fields\": [\"Groups\"]}}]"}}, {"model": "admin.logentry", "pk": 100, "fields": {"action_time": "2024-09-19T01:38:25.857Z", "user": 1, "content_type": 4, "object_id": "11", "object_repr": "professor10", "action_flag": 2, "change_message": "[{\"changed\": {\"fields\": [\"Groups\"]}}]"}}, {"model": "admin.logentry", "pk": 101, "fields": {"action_time": "2024-09-19T01:52:49.546Z", "user": 1, "content_type": 4, "object_id": "12", "object_repr": "s1", "action_flag": 1, "change_message": "[{\"added\": {}}]"}}, {"model": "admin.logentry", "pk": 102, "fields": {"action_time": "2024-09-19T01:56:10.817Z", "user": 1, "content_type": 4, "object_id": "13", "object_repr": "s2", "action_flag": 1, "change_message": "[{\"added\": {}}]"}}, {"model": "admin.logentry", "pk": 103, "fields": {"action_time": "2024-09-19T01:56:22.638Z", "user": 1, "content_type": 4, "object_id": "14", "object_repr": "s3", "action_flag": 1, "change_message": "[{\"added\": {}}]"}}, {"model": "admin.logentry", "pk": 104, "fields": {"action_time": "2024-09-19T01:56:32.109Z", "user": 1, "content_type": 4, "object_id": "15", "object_repr": "s4", "action_flag": 1, "change_message": "[{\"added\": {}}]"}}, {"model": "admin.logentry", "pk": 105, "fields": {"action_time": "2024-09-19T01:56:41.357Z", "user": 1, "content_type": 4, "object_id": "16", "object_repr": "s5", "action_flag": 1, "change_message": "[{\"added\": {}}]"}}, {"model": "admin.logentry", "pk": 106, "fields": {"action_time": "2024-09-19T01:56:51.473Z", "user": 1, "content_type": 4, "object_id": "17", "object_repr": "s6", "action_flag": 1, "change_message": "[{\"added\": {}}]"}}, {"model": "admin.logentry", "pk": 107, "fields": {"action_time": "2024-09-19T01:57:01.178Z", "user": 1, "content_type": 4, "object_id": "18", "object_repr": "s7", "action_flag": 1, "change_message": "[{\"added\": {}}]"}}, {"model": "admin.logentry", "pk": 108, "fields": {"action_time": "2024-09-19T01:57:12.583Z", "user": 1, "content_type": 4, "object_id": "19", "object_repr": "s8", "action_flag": 1, "change_message": "[{\"added\": {}}]"}}, {"model": "admin.logentry", "pk": 109, "fields": {"action_time": "2024-09-19T01:57:22.839Z", "user": 1, "content_type": 4, "object_id": "20", "object_repr": "s9", "action_flag": 1, "change_message": "[{\"added\": {}}]"}}, {"model": "admin.logentry", "pk": 110, "fields": {"action_time": "2024-09-19T01:57:33.136Z", "user": 1, "content_type": 4, "object_id": "21", "object_repr": "s10", "action_flag": 1, "change_message": "[{\"added\": {}}]"}}, {"model": "admin.logentry", "pk": 111, "fields": {"action_time": "2024-09-19T01:57:44.672Z", "user": 1, "content_type": 4, "object_id": "22", "object_repr": "s11", "action_flag": 1, "change_message": "[{\"added\": {}}]"}}, {"model": "admin.logentry", "pk": 112, "fields": {"action_time": "2024-09-19T01:57:55.173Z", "user": 1, "content_type": 4, "object_id": "23", "object_repr": "s12", "action_flag": 1, "change_message": "[{\"added\": {}}]"}}, {"model": "admin.logentry", "pk": 113, "fields": {"action_time": "2024-09-19T01:58:03.601Z", "user": 1, "content_type": 4, "object_id": "24", "object_repr": "s13", "action_flag": 1, "change_message": "[{\"added\": {}}]"}}, {"model": "admin.logentry", "pk": 114, "fields": {"action_time": "2024-09-19T01:58:20.125Z", "user": 1, "content_type": 4, "object_id": "25", "object_repr": "s14", "action_flag": 1, "change_message": "[{\"added\": {}}]"}}, {"model": "admin.logentry", "pk": 115, "fields": {"action_time": "2024-09-19T01:58:35.998Z", "user": 1, "content_type": 4, "object_id": "26", "object_repr": "s15", "action_flag": 1, "change_message": "[{\"added\": {}}]"}}, {"model": "admin.logentry", "pk": 116, "fields": {"action_time": "2024-09-19T01:59:20.427Z", "user": 1, "content_type": 4, "object_id": "12", "object_repr": "s1", "action_flag": 2, "change_message": "[{\"changed\": {\"fields\": [\"Groups\"]}}]"}}, {"model": "admin.logentry", "pk": 117, "fields": {"action_time": "2024-09-19T01:59:28.224Z", "user": 1, "content_type": 4, "object_id": "21", "object_repr": "s10", "action_flag": 2, "change_message": "[{\"changed\": {\"fields\": [\"Groups\"]}}]"}}, {"model": "admin.logentry", "pk": 118, "fields": {"action_time": "2024-09-19T01:59:42.799Z", "user": 1, "content_type": 4, "object_id": "22", "object_repr": "s11", "action_flag": 2, "change_message": "[{\"changed\": {\"fields\": [\"Groups\"]}}]"}}, {"model": "admin.logentry", "pk": 119, "fields": {"action_time": "2024-09-19T01:59:50.710Z", "user": 1, "content_type": 4, "object_id": "23", "object_repr": "s12", "action_flag": 2, "change_message": "[{\"changed\": {\"fields\": [\"Groups\"]}}]"}}, {"model": "admin.logentry", "pk": 120, "fields": {"action_time": "2024-09-19T01:59:59.083Z", "user": 1, "content_type": 4, "object_id": "24", "object_repr": "s13", "action_flag": 2, "change_message": "[{\"changed\": {\"fields\": [\"Groups\"]}}]"}}, {"model": "admin.logentry", "pk": 121, "fields": {"action_time": "2024-09-19T02:00:05.613Z", "user": 1, "content_type": 4, "object_id": "25", "object_repr": "s14", "action_flag": 2, "change_message": "[{\"changed\": {\"fields\": [\"Groups\"]}}]"}}, {"model": "admin.logentry", "pk": 122, "fields": {"action_time": "2024-09-19T02:00:13.758Z", "user": 1, "content_type": 4, "object_id": "26", "object_repr": "s15", "action_flag": 2, "change_message": "[{\"changed\": {\"fields\": [\"Groups\"]}}]"}}, {"model": "admin.logentry", "pk": 123, "fields": {"action_time": "2024-09-19T02:00:23.857Z", "user": 1, "content_type": 4, "object_id": "13", "object_repr": "s2", "action_flag": 2, "change_message": "[{\"changed\": {\"fields\": [\"Groups\"]}}]"}}, {"model": "admin.logentry", "pk": 124, "fields": {"action_time": "2024-09-19T02:00:32.711Z", "user": 1, "content_type": 4, "object_id": "14", "object_repr": "s3", "action_flag": 2, "change_message": "[{\"changed\": {\"fields\": [\"Groups\"]}}]"}}, {"model": "admin.logentry", "pk": 125, "fields": {"action_time": "2024-09-19T02:00:42.098Z", "user": 1, "content_type": 4, "object_id": "15", "object_repr": "s4", "action_flag": 2, "change_message": "[{\"changed\": {\"fields\": [\"Groups\"]}}]"}}, {"model": "admin.logentry", "pk": 126, "fields": {"action_time": "2024-09-19T02:00:53.162Z", "user": 1, "content_type": 4, "object_id": "16", "object_repr": "s5", "action_flag": 2, "change_message": "[{\"changed\": {\"fields\": [\"Groups\"]}}]"}}, {"model": "admin.logentry", "pk": 127, "fields": {"action_time": "2024-09-19T02:01:03.866Z", "user": 1, "content_type": 4, "object_id": "17", "object_repr": "s6", "action_flag": 2, "change_message": "[{\"changed\": {\"fields\": [\"Groups\"]}}]"}}, {"model": "admin.logentry", "pk": 128, "fields": {"action_time": "2024-09-19T02:01:13.873Z", "user": 1, "content_type": 4, "object_id": "18", "object_repr": "s7", "action_flag": 2, "change_message": "[{\"changed\": {\"fields\": [\"Groups\"]}}]"}}, {"model": "admin.logentry", "pk": 129, "fields": {"action_time": "2024-09-19T02:01:27.394Z", "user": 1, "content_type": 4, "object_id": "19", "object_repr": "s8", "action_flag": 2, "change_message": "[{\"changed\": {\"fields\": [\"Groups\"]}}]"}}, {"model": "admin.logentry", "pk": 130, "fields": {"action_time": "2024-09-19T02:01:36.512Z", "user": 1, "content_type": 4, "object_id": "20", "object_repr": "s9", "action_flag": 2, "change_message": "[{\"changed\": {\"fields\": [\"Groups\"]}}]"}}, {"model": "admin.logentry", "pk": 131, "fields": {"action_time": "2024-09-19T02:02:12.229Z", "user": 1, "content_type": 16, "object_id": "11", "object_repr": "s1", "action_flag": 1, "change_message": "[{\"added\": {}}]"}}, {"model": "admin.logentry", "pk": 132, "fields": {"action_time": "2024-09-19T02:02:30.472Z", "user": 1, "content_type": 16, "object_id": "12", "object_repr": "s2", "action_flag": 1, "change_message": "[{\"added\": {}}]"}}, {"model": "admin.logentry", "pk": 133, "fields": {"action_time": "2024-09-19T02:02:51.171Z", "user": 1, "content_type": 16, "object_id": "13", "object_repr": "s3", "action_flag": 1, "change_message": "[{\"added\": {}}]"}}, {"model": "admin.logentry", "pk": 134, "fields": {"action_time": "2024-09-19T02:03:12.918Z", "user": 1, "content_type": 16, "object_id": "14", "object_repr": "s4", "action_flag": 1, "change_message": "[{\"added\": {}}]"}}, {"model": "admin.logentry", "pk": 135, "fields": {"action_time": "2024-09-19T02:03:31.524Z", "user": 1, "content_type": 16, "object_id": "15", "object_repr": "s5", "action_flag": 1, "change_message": "[{\"added\": {}}]"}}, {"model": "admin.logentry", "pk": 136, "fields": {"action_time": "2024-09-19T02:03:47.306Z", "user": 1, "content_type": 16, "object_id": "16", "object_repr": "s6", "action_flag": 1, "change_message": "[{\"added\": {}}]"}}, {"model": "admin.logentry", "pk": 137, "fields": {"action_time": "2024-09-19T02:04:14.225Z", "user": 1, "content_type": 16, "object_id": "17", "object_repr": "s7", "action_flag": 1, "change_message": "[{\"added\": {}}]"}}, {"model": "admin.logentry", "pk": 138, "fields": {"action_time": "2024-09-19T02:22:21.592Z", "user": 1, "content_type": 16, "object_id": "18", "object_repr": "s8", "action_flag": 1, "change_message": "[{\"added\": {}}]"}}, {"model": "admin.logentry", "pk": 139, "fields": {"action_time": "2024-09-19T02:22:44.286Z", "user": 1, "content_type": 16, "object_id": "19", "object_repr": "s9", "action_flag": 1, "change_message": "[{\"added\": {}}]"}}, {"model": "admin.logentry", "pk": 140, "fields": {"action_time": "2024-09-19T02:22:59.633Z", "user": 1, "content_type": 16, "object_id": "20", "object_repr": "s10", "action_flag": 1, "change_message": "[{\"added\": {}}]"}}, {"model": "admin.logentry", "pk": 141, "fields": {"action_time": "2024-09-19T02:23:22.177Z", "user": 1, "content_type": 16, "object_id": "21", "object_repr": "s11", "action_flag": 1, "change_message": "[{\"added\": {}}]"}}, {"model": "admin.logentry", "pk": 142, "fields": {"action_time": "2024-09-19T02:23:49.045Z", "user": 1, "content_type": 16, "object_id": "22", "object_repr": "s12", "action_flag": 1, "change_message": "[{\"added\": {}}]"}}, {"model": "admin.logentry", "pk": 143, "fields": {"action_time": "2024-09-19T02:24:04.815Z", "user": 1, "content_type": 16, "object_id": "23", "object_repr": "s13", "action_flag": 1, "change_message": "[{\"added\": {}}]"}}, {"model": "admin.logentry", "pk": 144, "fields": {"action_time": "2024-09-19T02:24:30.726Z", "user": 1, "content_type": 16, "object_id": "24", "object_repr": "s14", "action_flag": 1, "change_message": "[{\"added\": {}}]"}}, {"model": "admin.logentry", "pk": 145, "fields": {"action_time": "2024-09-19T02:24:48.761Z", "user": 1, "content_type": 16, "object_id": "25", "object_repr": "s15", "action_flag": 1, "change_message": "[{\"added\": {}}]"}}, {"model": "admin.logentry", "pk": 146, "fields": {"action_time": "2024-09-19T02:25:23.319Z", "user": 1, "content_type": 11, "object_id": "1", "object_repr": "s1 - School of Education", "action_flag": 1, "change_message": "[{\"added\": {}}]"}}, {"model": "admin.logentry", "pk": 147, "fields": {"action_time": "2024-09-19T02:25:30.216Z", "user": 1, "content_type": 11, "object_id": "2", "object_repr": "s2 - School of Business and Accountancy", "action_flag": 1, "change_message": "[{\"added\": {}}]"}}, {"model": "admin.logentry", "pk": 148, "fields": {"action_time": "2024-09-19T02:25:37.595Z", "user": 1, "content_type": 11, "object_id": "3", "object_repr": "s3 - School of Arts and Sciences", "action_flag": 1, "change_message": "[{\"added\": {}}]"}}, {"model": "admin.logentry", "pk": 149, "fields": {"action_time": "2024-09-19T02:25:46.259Z", "user": 1, "content_type": 11, "object_id": "4", "object_repr": "s4 - School of Business and Accountancy", "action_flag": 1, "change_message": "[{\"added\": {}}]"}}, {"model": "admin.logentry", "pk": 150, "fields": {"action_time": "2024-09-19T02:25:58.949Z", "user": 1, "content_type": 11, "object_id": "5", "object_repr": "s5 - School of Hospitality and Tourism Management", "action_flag": 1, "change_message": "[{\"added\": {}}]"}}, {"model": "admin.logentry", "pk": 151, "fields": {"action_time": "2024-09-19T02:26:08.374Z", "user": 1, "content_type": 11, "object_id": "6", "object_repr": "s6 - College of Criminal Justice Education and Forensic", "action_flag": 1, "change_message": "[{\"added\": {}}]"}}, {"model": "admin.logentry", "pk": 152, "fields": {"action_time": "2024-09-19T02:26:15.587Z", "user": 1, "content_type": 11, "object_id": "7", "object_repr": "s7 - School of Nursing and Allied Medical Sciences", "action_flag": 1, "change_message": "[{\"added\": {}}]"}}, {"model": "admin.logentry", "pk": 153, "fields": {"action_time": "2024-09-19T02:26:25.236Z", "user": 1, "content_type": 11, "object_id": "8", "object_repr": "s8 - School of Hospitality and Tourism Management", "action_flag": 1, "change_message": "[{\"added\": {}}]"}}, {"model": "admin.logentry", "pk": 154, "fields": {"action_time": "2024-09-19T02:26:34.777Z", "user": 1, "content_type": 11, "object_id": "9", "object_repr": "s9 - School of Arts and Sciences", "action_flag": 1, "change_message": "[{\"added\": {}}]"}}, {"model": "admin.logentry", "pk": 155, "fields": {"action_time": "2024-09-19T02:26:41.474Z", "user": 1, "content_type": 11, "object_id": "10", "object_repr": "s10 - School of Nursing and Allied Medical Sciences", "action_flag": 1, "change_message": "[{\"added\": {}}]"}}, {"model": "admin.logentry", "pk": 156, "fields": {"action_time": "2024-09-19T02:26:49.784Z", "user": 1, "content_type": 11, "object_id": "11", "object_repr": "s11 - School of Education", "action_flag": 1, "change_message": "[{\"added\": {}}]"}}, {"model": "admin.logentry", "pk": 157, "fields": {"action_time": "2024-09-19T02:26:59.615Z", "user": 1, "content_type": 11, "object_id": "12", "object_repr": "s12 - School of Business and Accountancy", "action_flag": 1, "change_message": "[{\"added\": {}}]"}}, {"model": "admin.logentry", "pk": 158, "fields": {"action_time": "2024-09-19T02:27:08.674Z", "user": 1, "content_type": 11, "object_id": "13", "object_repr": "s13 - School of Hospitality and Tourism Management", "action_flag": 1, "change_message": "[{\"added\": {}}]"}}, {"model": "admin.logentry", "pk": 159, "fields": {"action_time": "2024-09-19T02:27:23.777Z", "user": 1, "content_type": 11, "object_id": "14", "object_repr": "s14 - School of Hospitality and Tourism Management", "action_flag": 1, "change_message": "[{\"added\": {}}]"}}, {"model": "admin.logentry", "pk": 160, "fields": {"action_time": "2024-09-19T02:27:30.869Z", "user": 1, "content_type": 11, "object_id": "15", "object_repr": "s15 - School of Hospitality and Tourism Management", "action_flag": 1, "change_message": "[{\"added\": {}}]"}}, {"model": "admin.logentry", "pk": 161, "fields": {"action_time": "2024-09-19T02:29:58.665Z", "user": 1, "content_type": 12, "object_id": "1", "object_repr": "Enrollment object (1)", "action_flag": 1, "change_message": "[{\"added\": {}}]"}}, {"model": "admin.logentry", "pk": 162, "fields": {"action_time": "2024-09-19T02:30:12.891Z", "user": 1, "content_type": 12, "object_id": "2", "object_repr": "Enrollment object (2)", "action_flag": 1, "change_message": "[{\"added\": {}}]"}}, {"model": "admin.logentry", "pk": 163, "fields": {"action_time": "2024-09-19T02:30:35.872Z", "user": 1, "content_type": 12, "object_id": "3", "object_repr": "Enrollment object (3)", "action_flag": 1, "change_message": "[{\"added\": {}}]"}}, {"model": "admin.logentry", "pk": 164, "fields": {"action_time": "2024-09-19T02:30:53.271Z", "user": 1, "content_type": 12, "object_id": "4", "object_repr": "Enrollment object (4)", "action_flag": 1, "change_message": "[{\"added\": {}}]"}}, {"model": "admin.logentry", "pk": 165, "fields": {"action_time": "2024-09-19T02:31:07.215Z", "user": 1, "content_type": 12, "object_id": "5", "object_repr": "Enrollment object (5)", "action_flag": 1, "change_message": "[{\"added\": {}}]"}}, {"model": "admin.logentry", "pk": 166, "fields": {"action_time": "2024-09-19T02:31:32.627Z", "user": 1, "content_type": 12, "object_id": "6", "object_repr": "Enrollment object (6)", "action_flag": 1, "change_message": "[{\"added\": {}}]"}}, {"model": "admin.logentry", "pk": 167, "fields": {"action_time": "2024-09-19T02:31:51.505Z", "user": 1, "content_type": 12, "object_id": "7", "object_repr": "Enrollment object (7)", "action_flag": 1, "change_message": "[{\"added\": {}}]"}}, {"model": "admin.logentry", "pk": 168, "fields": {"action_time": "2024-09-19T02:32:10.278Z", "user": 1, "content_type": 12, "object_id": "8", "object_repr": "Enrollment object (8)", "action_flag": 1, "change_message": "[{\"added\": {}}]"}}, {"model": "admin.logentry", "pk": 169, "fields": {"action_time": "2024-09-19T02:32:25.159Z", "user": 1, "content_type": 12, "object_id": "9", "object_repr": "Enrollment object (9)", "action_flag": 1, "change_message": "[{\"added\": {}}]"}}, {"model": "admin.logentry", "pk": 170, "fields": {"action_time": "2024-09-19T02:33:15.599Z", "user": 1, "content_type": 12, "object_id": "10", "object_repr": "Enrollment object (10)", "action_flag": 1, "change_message": "[{\"added\": {}}]"}}, {"model": "admin.logentry", "pk": 171, "fields": {"action_time": "2024-09-19T02:33:34.773Z", "user": 1, "content_type": 12, "object_id": "11", "object_repr": "Enrollment object (11)", "action_flag": 1, "change_message": "[{\"added\": {}}]"}}, {"model": "admin.logentry", "pk": 172, "fields": {"action_time": "2024-09-19T02:33:48.236Z", "user": 1, "content_type": 12, "object_id": "12", "object_repr": "Enrollment object (12)", "action_flag": 1, "change_message": "[{\"added\": {}}]"}}, {"model": "admin.logentry", "pk": 173, "fields": {"action_time": "2024-09-19T02:34:01.372Z", "user": 1, "content_type": 12, "object_id": "13", "object_repr": "Enrollment object (13)", "action_flag": 1, "change_message": "[{\"added\": {}}]"}}, {"model": "admin.logentry", "pk": 174, "fields": {"action_time": "2024-09-19T02:34:16.745Z", "user": 1, "content_type": 12, "object_id": "14", "object_repr": "Enrollment object (14)", "action_flag": 1, "change_message": "[{\"added\": {}}]"}}, {"model": "admin.logentry", "pk": 175, "fields": {"action_time": "2024-09-19T02:34:31.944Z", "user": 1, "content_type": 12, "object_id": "15", "object_repr": "Enrollment object (15)", "action_flag": 1, "change_message": "[{\"added\": {}}]"}}, {"model": "admin.logentry", "pk": 176, "fields": {"action_time": "2024-09-19T02:34:46.797Z", "user": 1, "content_type": 12, "object_id": "16", "object_repr": "Enrollment object (16)", "action_flag": 1, "change_message": "[{\"added\": {}}]"}}, {"model": "admin.logentry", "pk": 177, "fields": {"action_time": "2024-09-19T02:35:02.894Z", "user": 1, "content_type": 12, "object_id": "17", "object_repr": "Enrollment object (17)", "action_flag": 1, "change_message": "[{\"added\": {}}]"}}, {"model": "admin.logentry", "pk": 178, "fields": {"action_time": "2024-09-19T02:35:19.875Z", "user": 1, "content_type": 12, "object_id": "18", "object_repr": "Enrollment object (18)", "action_flag": 1, "change_message": "[{\"added\": {}}]"}}, {"model": "admin.logentry", "pk": 179, "fields": {"action_time": "2024-09-19T02:35:35.546Z", "user": 1, "content_type": 12, "object_id": "19", "object_repr": "Enrollment object (19)", "action_flag": 1, "change_message": "[{\"added\": {}}]"}}, {"model": "admin.logentry", "pk": 180, "fields": {"action_time": "2024-09-19T02:35:46.985Z", "user": 1, "content_type": 12, "object_id": "20", "object_repr": "Enrollment object (20)", "action_flag": 1, "change_message": "[{\"added\": {}}]"}}, {"model": "admin.logentry", "pk": 181, "fields": {"action_time": "2024-09-19T02:35:59.615Z", "user": 1, "content_type": 12, "object_id": "21", "object_repr": "Enrollment object (21)", "action_flag": 1, "change_message": "[{\"added\": {}}]"}}, {"model": "admin.logentry", "pk": 182, "fields": {"action_time": "2024-09-19T02:36:13.811Z", "user": 1, "content_type": 12, "object_id": "22", "object_repr": "Enrollment object (22)", "action_flag": 1, "change_message": "[{\"added\": {}}]"}}, {"model": "admin.logentry", "pk": 183, "fields": {"action_time": "2024-09-19T02:36:27.827Z", "user": 1, "content_type": 12, "object_id": "23", "object_repr": "Enrollment object (23)", "action_flag": 1, "change_message": "[{\"added\": {}}]"}}, {"model": "admin.logentry", "pk": 184, "fields": {"action_time": "2024-09-19T02:36:41.420Z", "user": 1, "content_type": 12, "object_id": "24", "object_repr": "Enrollment object (24)", "action_flag": 1, "change_message": "[{\"added\": {}}]"}}, {"model": "admin.logentry", "pk": 185, "fields": {"action_time": "2024-09-19T02:36:53.607Z", "user": 1, "content_type": 12, "object_id": "25", "object_repr": "Enrollment object (25)", "action_flag": 1, "change_message": "[{\"added\": {}}]"}}, {"model": "admin.logentry", "pk": 186, "fields": {"action_time": "2024-09-19T02:37:29.414Z", "user": 1, "content_type": 12, "object_id": "26", "object_repr": "Enrollment object (26)", "action_flag": 1, "change_message": "[{\"added\": {}}]"}}, {"model": "admin.logentry", "pk": 187, "fields": {"action_time": "2024-09-19T02:37:41.383Z", "user": 1, "content_type": 12, "object_id": "27", "object_repr": "Enrollment object (27)", "action_flag": 1, "change_message": "[{\"added\": {}}]"}}, {"model": "admin.logentry", "pk": 188, "fields": {"action_time": "2024-09-19T02:37:58.146Z", "user": 1, "content_type": 12, "object_id": "28", "object_repr": "Enrollment object (28)", "action_flag": 1, "change_message": "[{\"added\": {}}]"}}, {"model": "admin.logentry", "pk": 189, "fields": {"action_time": "2024-09-19T02:38:16.291Z", "user": 1, "content_type": 12, "object_id": "29", "object_repr": "Enrollment object (29)", "action_flag": 1, "change_message": "[{\"added\": {}}]"}}, {"model": "admin.logentry", "pk": 190, "fields": {"action_time": "2024-09-19T02:38:30.346Z", "user": 1, "content_type": 12, "object_id": "30", "object_repr": "Enrollment object (30)", "action_flag": 1, "change_message": "[{\"added\": {}}]"}}, {"model": "admin.logentry", "pk": 191, "fields": {"action_time": "2024-09-19T02:38:43.598Z", "user": 1, "content_type": 12, "object_id": "31", "object_repr": "Enrollment object (31)", "action_flag": 1, "change_message": "[{\"added\": {}}]"}}, {"model": "admin.logentry", "pk": 192, "fields": {"action_time": "2024-09-19T02:39:14.887Z", "user": 1, "content_type": 12, "object_id": "32", "object_repr": "Enrollment object (32)", "action_flag": 1, "change_message": "[{\"added\": {}}]"}}, {"model": "admin.logentry", "pk": 193, "fields": {"action_time": "2024-09-19T02:39:42.644Z", "user": 1, "content_type": 12, "object_id": "33", "object_repr": "Enrollment object (33)", "action_flag": 1, "change_message": "[{\"added\": {}}]"}}, {"model": "admin.logentry", "pk": 194, "fields": {"action_time": "2024-09-19T02:39:47.248Z", "user": 1, "content_type": 12, "object_id": "34", "object_repr": "Enrollment object (34)", "action_flag": 1, "change_message": "[{\"added\": {}}]"}}, {"model": "admin.logentry", "pk": 195, "fields": {"action_time": "2024-09-19T02:40:03.806Z", "user": 1, "content_type": 12, "object_id": "35", "object_repr": "Enrollment object (35)", "action_flag": 1, "change_message": "[{\"added\": {}}]"}}, {"model": "admin.logentry", "pk": 196, "fields": {"action_time": "2024-09-19T02:40:22.898Z", "user": 1, "content_type": 12, "object_id": "36", "object_repr": "Enrollment object (36)", "action_flag": 1, "change_message": "[{\"added\": {}}]"}}, {"model": "admin.logentry", "pk": 197, "fields": {"action_time": "2024-09-19T02:40:40.240Z", "user": 1, "content_type": 12, "object_id": "37", "object_repr": "Enrollment object (37)", "action_flag": 1, "change_message": "[{\"added\": {}}]"}}, {"model": "admin.logentry", "pk": 198, "fields": {"action_time": "2024-09-19T02:41:02.403Z", "user": 1, "content_type": 12, "object_id": "38", "object_repr": "Enrollment object (38)", "action_flag": 1, "change_message": "[{\"added\": {}}]"}}, {"model": "admin.logentry", "pk": 199, "fields": {"action_time": "2024-09-19T02:41:19.877Z", "user": 1, "content_type": 12, "object_id": "39", "object_repr": "Enrollment object (39)", "action_flag": 1, "change_message": "[{\"added\": {}}]"}}, {"model": "admin.logentry", "pk": 200, "fields": {"action_time": "2024-09-19T02:41:35.218Z", "user": 1, "content_type": 12, "object_id": "40", "object_repr": "Enrollment object (40)", "action_flag": 1, "change_message": "[{\"added\": {}}]"}}, {"model": "admin.logentry", "pk": 201, "fields": {"action_time": "2024-09-19T02:41:51.025Z", "user": 1, "content_type": 12, "object_id": "41", "object_repr": "Enrollment object (41)", "action_flag": 1, "change_message": "[{\"added\": {}}]"}}, {"model": "admin.logentry", "pk": 202, "fields": {"action_time": "2024-09-19T02:42:27.657Z", "user": 1, "content_type": 12, "object_id": "42", "object_repr": "Enrollment object (42)", "action_flag": 1, "change_message": "[{\"added\": {}}]"}}, {"model": "admin.logentry", "pk": 203, "fields": {"action_time": "2024-09-19T02:42:44.811Z", "user": 1, "content_type": 12, "object_id": "43", "object_repr": "Enrollment object (43)", "action_flag": 1, "change_message": "[{\"added\": {}}]"}}, {"model": "admin.logentry", "pk": 204, "fields": {"action_time": "2024-09-19T02:43:05.943Z", "user": 1, "content_type": 12, "object_id": "44", "object_repr": "Enrollment object (44)", "action_flag": 1, "change_message": "[{\"added\": {}}]"}}, {"model": "admin.logentry", "pk": 205, "fields": {"action_time": "2024-09-19T02:43:19.498Z", "user": 1, "content_type": 12, "object_id": "45", "object_repr": "Enrollment object (45)", "action_flag": 1, "change_message": "[{\"added\": {}}]"}}, {"model": "admin.logentry", "pk": 206, "fields": {"action_time": "2024-09-19T02:43:30.761Z", "user": 1, "content_type": 12, "object_id": "46", "object_repr": "Enrollment object (46)", "action_flag": 1, "change_message": "[{\"added\": {}}]"}}, {"model": "admin.logentry", "pk": 207, "fields": {"action_time": "2024-09-19T02:43:46.682Z", "user": 1, "content_type": 12, "object_id": "47", "object_repr": "Enrollment object (47)", "action_flag": 1, "change_message": "[{\"added\": {}}]"}}, {"model": "admin.logentry", "pk": 208, "fields": {"action_time": "2024-09-19T02:44:00.490Z", "user": 1, "content_type": 12, "object_id": "48", "object_repr": "Enrollment object (48)", "action_flag": 1, "change_message": "[{\"added\": {}}]"}}, {"model": "admin.logentry", "pk": 209, "fields": {"action_time": "2024-09-19T02:44:20.867Z", "user": 1, "content_type": 12, "object_id": "49", "object_repr": "Enrollment object (49)", "action_flag": 1, "change_message": "[{\"added\": {}}]"}}, {"model": "admin.logentry", "pk": 210, "fields": {"action_time": "2024-09-19T02:44:37.407Z", "user": 1, "content_type": 12, "object_id": "50", "object_repr": "Enrollment object (50)", "action_flag": 1, "change_message": "[{\"added\": {}}]"}}, {"model": "admin.logentry", "pk": 211, "fields": {"action_time": "2024-09-19T03:49:11.755Z", "user": 1, "content_type": 19, "object_id": "1", "object_repr": "Test Title - Test Description", "action_flag": 1, "change_message": "[{\"added\": {}}]"}}, {"model": "admin.logentry", "pk": 212, "fields": {"action_time": "2024-09-19T03:49:34.991Z", "user": 1, "content_type": 19, "object_id": "2", "object_repr": "Test Title 01 - Test Description 01", "action_flag": 1, "change_message": "[{\"added\": {}}]"}}, {"model": "admin.logentry", "pk": 213, "fields": {"action_time": "2024-09-19T03:49:50.754Z", "user": 1, "content_type": 19, "object_id": "3", "object_repr": "Test Title 02 - Test Description 02", "action_flag": 1, "change_message": "[{\"added\": {}}]"}}, {"model": "admin.logentry", "pk": 214, "fields": {"action_time": "2024-09-19T03:50:07.547Z", "user": 1, "content_type": 19, "object_id": "4", "object_repr": "Test Title 03 - Test Description 03", "action_flag": 1, "change_message": "[{\"added\": {}}]"}}, {"model": "admin.logentry", "pk": 215, "fields": {"action_time": "2024-09-19T05:07:17.073Z", "user": 1, "content_type": 19, "object_id": "15", "object_repr": "Todo 6", "action_flag": 1, "change_message": "[{\"added\": {}}]"}}, {"model": "admin.logentry", "pk": 216, "fields": {"action_time": "2024-09-19T09:35:14.390Z", "user": 1, "content_type": 18, "object_id": "1", "object_repr": "from professor01 to s1 - Hello, World!", "action_flag": 1, "change_message": "[{\"added\": {}}]"}}, {"model": "admin.logentry", "pk": 217, "fields": {"action_time": "2024-09-19T09:35:49.875Z", "user": 1, "content_type": 18, "object_id": "2", "object_repr": "from professor01 to s1 - Hello, World! Testing One!", "action_flag": 1, "change_message": "[{\"added\": {}}]"}}, {"model": "admin.logentry", "pk": 218, "fields": {"action_time": "2024-09-19T10:12:04.693Z", "user": 1, "content_type": 16, "object_id": "1", "object_repr": "professor01", "action_flag": 2, "change_message": "[{\"changed\": {\"fields\": [\"Email\"]}}]"}}, {"model": "admin.logentry", "pk": 219, "fields": {"action_time": "2024-09-21T13:27:52.009Z", "user": 1, "content_type": 23, "object_id": "1", "object_repr": "Cassandra Hull Activity - Activity 01 up to 30", "action_flag": 3, "change_message": ""}}, {"model": "admin.logentry", "pk": 220, "fields": {"action_time": "2024-09-21T13:28:05.684Z", "user": 1, "content_type": 24, "object_id": "1", "object_repr": "Cassandra Hull Exam - Prelim Exam 01 up to 100", "action_flag": 3, "change_message": ""}}, {"model": "admin.logentry", "pk": 221, "fields": {"action_time": "2024-09-21T13:39:36.422Z", "user": 1, "content_type": 24, "object_id": "2", "object_repr": "Cassandra Hull Exam - Test Exan 01 up to 100", "action_flag": 3, "change_message": ""}}, {"model": "auth.permission", "pk": 1, "fields": {"name": "Can add log entry", "content_type": 1, "codename": "add_logentry"}}, {"model": "auth.permission", "pk": 2, "fields": {"name": "Can change log entry", "content_type": 1, "codename": "change_logentry"}}, {"model": "auth.permission", "pk": 3, "fields": {"name": "Can delete log entry", "content_type": 1, "codename": "delete_logentry"}}, {"model": "auth.permission", "pk": 4, "fields": {"name": "Can view log entry", "content_type": 1, "codename": "view_logentry"}}, {"model": "auth.permission", "pk": 5, "fields": {"name": "Can add permission", "content_type": 2, "codename": "add_permission"}}, {"model": "auth.permission", "pk": 6, "fields": {"name": "Can change permission", "content_type": 2, "codename": "change_permission"}}, {"model": "auth.permission", "pk": 7, "fields": {"name": "Can delete permission", "content_type": 2, "codename": "delete_permission"}}, {"model": "auth.permission", "pk": 8, "fields": {"name": "Can view permission", "content_type": 2, "codename": "view_permission"}}, {"model": "auth.permission", "pk": 9, "fields": {"name": "Can add group", "content_type": 3, "codename": "add_group"}}, {"model": "auth.permission", "pk": 10, "fields": {"name": "Can change group", "content_type": 3, "codename": "change_group"}}, {"model": "auth.permission", "pk": 11, "fields": {"name": "Can delete group", "content_type": 3, "codename": "delete_group"}}, {"model": "auth.permission", "pk": 12, "fields": {"name": "Can view group", "content_type": 3, "codename": "view_group"}}, {"model": "auth.permission", "pk": 13, "fields": {"name": "Can add user", "content_type": 4, "codename": "add_user"}}, {"model": "auth.permission", "pk": 14, "fields": {"name": "Can change user", "content_type": 4, "codename": "change_user"}}, {"model": "auth.permission", "pk": 15, "fields": {"name": "Can delete user", "content_type": 4, "codename": "delete_user"}}, {"model": "auth.permission", "pk": 16, "fields": {"name": "Can view user", "content_type": 4, "codename": "view_user"}}, {"model": "auth.permission", "pk": 17, "fields": {"name": "Can add content type", "content_type": 5, "codename": "add_contenttype"}}, {"model": "auth.permission", "pk": 18, "fields": {"name": "Can change content type", "content_type": 5, "codename": "change_contenttype"}}, {"model": "auth.permission", "pk": 19, "fields": {"name": "Can delete content type", "content_type": 5, "codename": "delete_contenttype"}}, {"model": "auth.permission", "pk": 20, "fields": {"name": "Can view content type", "content_type": 5, "codename": "view_contenttype"}}, {"model": "auth.permission", "pk": 21, "fields": {"name": "Can add session", "content_type": 6, "codename": "add_session"}}, {"model": "auth.permission", "pk": 22, "fields": {"name": "Can change session", "content_type": 6, "codename": "change_session"}}, {"model": "auth.permission", "pk": 23, "fields": {"name": "Can delete session", "content_type": 6, "codename": "delete_session"}}, {"model": "auth.permission", "pk": 24, "fields": {"name": "Can view session", "content_type": 6, "codename": "view_session"}}, {"model": "auth.permission", "pk": 25, "fields": {"name": "Can add course", "content_type": 7, "codename": "add_course"}}, {"model": "auth.permission", "pk": 26, "fields": {"name": "Can change course", "content_type": 7, "codename": "change_course"}}, {"model": "auth.permission", "pk": 27, "fields": {"name": "Can delete course", "content_type": 7, "codename": "delete_course"}}, {"model": "auth.permission", "pk": 28, "fields": {"name": "Can view course", "content_type": 7, "codename": "view_course"}}, {"model": "auth.permission", "pk": 29, "fields": {"name": "Can change the about course", "content_type": 7, "codename": "change_about"}}, {"model": "auth.permission", "pk": 30, "fields": {"name": "Can change the syllabus of the course", "content_type": 7, "codename": "change_syllabus"}}, {"model": "auth.permission", "pk": 31, "fields": {"name": "Can add module list", "content_type": 8, "codename": "add_modulelist"}}, {"model": "auth.permission", "pk": 32, "fields": {"name": "Can change module list", "content_type": 8, "codename": "change_modulelist"}}, {"model": "auth.permission", "pk": 33, "fields": {"name": "Can delete module list", "content_type": 8, "codename": "delete_modulelist"}}, {"model": "auth.permission", "pk": 34, "fields": {"name": "Can view module list", "content_type": 8, "codename": "view_modulelist"}}, {"model": "auth.permission", "pk": 35, "fields": {"name": "Can add module item", "content_type": 9, "codename": "add_moduleitem"}}, {"model": "auth.permission", "pk": 36, "fields": {"name": "Can change module item", "content_type": 9, "codename": "change_moduleitem"}}, {"model": "auth.permission", "pk": 37, "fields": {"name": "Can delete module item", "content_type": 9, "codename": "delete_moduleitem"}}, {"model": "auth.permission", "pk": 38, "fields": {"name": "Can view module item", "content_type": 9, "codename": "view_moduleitem"}}, {"model": "auth.permission", "pk": 39, "fields": {"name": "Can add professor", "content_type": 10, "codename": "add_professor"}}, {"model": "auth.permission", "pk": 40, "fields": {"name": "Can change professor", "content_type": 10, "codename": "change_professor"}}, {"model": "auth.permission", "pk": 41, "fields": {"name": "Can delete professor", "content_type": 10, "codename": "delete_professor"}}, {"model": "auth.permission", "pk": 42, "fields": {"name": "Can view professor", "content_type": 10, "codename": "view_professor"}}, {"model": "auth.permission", "pk": 43, "fields": {"name": "Can add student", "content_type": 11, "codename": "add_student"}}, {"model": "auth.permission", "pk": 44, "fields": {"name": "Can change student", "content_type": 11, "codename": "change_student"}}, {"model": "auth.permission", "pk": 45, "fields": {"name": "Can delete student", "content_type": 11, "codename": "delete_student"}}, {"model": "auth.permission", "pk": 46, "fields": {"name": "Can view student", "content_type": 11, "codename": "view_student"}}, {"model": "auth.permission", "pk": 47, "fields": {"name": "Can add enrollment", "content_type": 12, "codename": "add_enrollment"}}, {"model": "auth.permission", "pk": 48, "fields": {"name": "Can change enrollment", "content_type": 12, "codename": "change_enrollment"}}, {"model": "auth.permission", "pk": 49, "fields": {"name": "Can delete enrollment", "content_type": 12, "codename": "delete_enrollment"}}, {"model": "auth.permission", "pk": 50, "fields": {"name": "Can view enrollment", "content_type": 12, "codename": "view_enrollment"}}, {"model": "auth.permission", "pk": 51, "fields": {"name": "Can add block", "content_type": 13, "codename": "add_block"}}, {"model": "auth.permission", "pk": 52, "fields": {"name": "Can change block", "content_type": 13, "codename": "change_block"}}, {"model": "auth.permission", "pk": 53, "fields": {"name": "Can delete block", "content_type": 13, "codename": "delete_block"}}, {"model": "auth.permission", "pk": 54, "fields": {"name": "Can view block", "content_type": 13, "codename": "view_block"}}, {"model": "auth.permission", "pk": 55, "fields": {"name": "Can add department", "content_type": 14, "codename": "add_department"}}, {"model": "auth.permission", "pk": 56, "fields": {"name": "Can change department", "content_type": 14, "codename": "change_department"}}, {"model": "auth.permission", "pk": 57, "fields": {"name": "Can delete department", "content_type": 14, "codename": "delete_department"}}, {"model": "auth.permission", "pk": 58, "fields": {"name": "Can view department", "content_type": 14, "codename": "view_department"}}, {"model": "auth.permission", "pk": 59, "fields": {"name": "Can add semester", "content_type": 15, "codename": "add_semester"}}, {"model": "auth.permission", "pk": 60, "fields": {"name": "Can change semester", "content_type": 15, "codename": "change_semester"}}, {"model": "auth.permission", "pk": 61, "fields": {"name": "Can delete semester", "content_type": 15, "codename": "delete_semester"}}, {"model": "auth.permission", "pk": 62, "fields": {"name": "Can view semester", "content_type": 15, "codename": "view_semester"}}, {"model": "auth.permission", "pk": 63, "fields": {"name": "Can add profile", "content_type": 16, "codename": "add_profile"}}, {"model": "auth.permission", "pk": 64, "fields": {"name": "Can change profile", "content_type": 16, "codename": "change_profile"}}, {"model": "auth.permission", "pk": 65, "fields": {"name": "Can delete profile", "content_type": 16, "codename": "delete_profile"}}, {"model": "auth.permission", "pk": 66, "fields": {"name": "Can view profile", "content_type": 16, "codename": "view_profile"}}, {"model": "auth.permission", "pk": 67, "fields": {"name": "Can add announcement", "content_type": 17, "codename": "add_announcement"}}, {"model": "auth.permission", "pk": 68, "fields": {"name": "Can change announcement", "content_type": 17, "codename": "change_announcement"}}, {"model": "auth.permission", "pk": 69, "fields": {"name": "Can delete announcement", "content_type": 17, "codename": "delete_announcement"}}, {"model": "auth.permission", "pk": 70, "fields": {"name": "Can view announcement", "content_type": 17, "codename": "view_announcement"}}, {"model": "auth.permission", "pk": 71, "fields": {"name": "Can add inbox", "content_type": 18, "codename": "add_inbox"}}, {"model": "auth.permission", "pk": 72, "fields": {"name": "Can change inbox", "content_type": 18, "codename": "change_inbox"}}, {"model": "auth.permission", "pk": 73, "fields": {"name": "Can delete inbox", "content_type": 18, "codename": "delete_inbox"}}, {"model": "auth.permission", "pk": 74, "fields": {"name": "Can view inbox", "content_type": 18, "codename": "view_inbox"}}, {"model": "auth.permission", "pk": 75, "fields": {"name": "Can add todo", "content_type": 19, "codename": "add_todo"}}, {"model": "auth.permission", "pk": 76, "fields": {"name": "Can change todo", "content_type": 19, "codename": "change_todo"}}, {"model": "auth.permission", "pk": 77, "fields": {"name": "Can delete todo", "content_type": 19, "codename": "delete_todo"}}, {"model": "auth.permission", "pk": 78, "fields": {"name": "Can view todo", "content_type": 19, "codename": "view_todo"}}, {"model": "auth.permission", "pk": 79, "fields": {"name": "Can add event", "content_type": 20, "codename": "add_event"}}, {"model": "auth.permission", "pk": 80, "fields": {"name": "Can change event", "content_type": 20, "codename": "change_event"}}, {"model": "auth.permission", "pk": 81, "fields": {"name": "Can delete event", "content_type": 20, "codename": "delete_event"}}, {"model": "auth.permission", "pk": 82, "fields": {"name": "Can view event", "content_type": 20, "codename": "view_event"}}, {"model": "auth.permission", "pk": 83, "fields": {"name": "Can add student exam", "content_type": 21, "codename": "add_studentexam"}}, {"model": "auth.permission", "pk": 84, "fields": {"name": "Can change student exam", "content_type": 21, "codename": "change_studentexam"}}, {"model": "auth.permission", "pk": 85, "fields": {"name": "Can delete student exam", "content_type": 21, "codename": "delete_studentexam"}}, {"model": "auth.permission", "pk": 86, "fields": {"name": "Can view student exam", "content_type": 21, "codename": "view_studentexam"}}, {"model": "auth.permission", "pk": 87, "fields": {"name": "Can add student activity", "content_type": 22, "codename": "add_studentactivity"}}, {"model": "auth.permission", "pk": 88, "fields": {"name": "Can change student activity", "content_type": 22, "codename": "change_studentactivity"}}, {"model": "auth.permission", "pk": 89, "fields": {"name": "Can delete student activity", "content_type": 22, "codename": "delete_studentactivity"}}, {"model": "auth.permission", "pk": 90, "fields": {"name": "Can view student activity", "content_type": 22, "codename": "view_studentactivity"}}, {"model": "auth.permission", "pk": 91, "fields": {"name": "Can add activity", "content_type": 23, "codename": "add_activity"}}, {"model": "auth.permission", "pk": 92, "fields": {"name": "Can change activity", "content_type": 23, "codename": "change_activity"}}, {"model": "auth.permission", "pk": 93, "fields": {"name": "Can delete activity", "content_type": 23, "codename": "delete_activity"}}, {"model": "auth.permission", "pk": 94, "fields": {"name": "Can view activity", "content_type": 23, "codename": "view_activity"}}, {"model": "auth.permission", "pk": 95, "fields": {"name": "Can add exam", "content_type": 24, "codename": "add_exam"}}, {"model": "auth.permission", "pk": 96, "fields": {"name": "Can change exam", "content_type": 24, "codename": "change_exam"}}, {"model": "auth.permission", "pk": 97, "fields": {"name": "Can delete exam", "content_type": 24, "codename": "delete_exam"}}, {"model": "auth.permission", "pk": 98, "fields": {"name": "Can view exam", "content_type": 24, "codename": "view_exam"}}, {"model": "auth.group", "pk": 1, "fields": {"name": "admin", "permissions": [1, 2, 3, 4, 67, 68, 69, 70, 9, 10, 11, 12, 5, 6, 7, 8, 13, 14, 15, 16, 17, 18, 19, 20, 25, 29, 26, 30, 27, 28, 47, 48, 49, 50, 35, 36, 37, 38, 31, 32, 33, 34, 39, 40, 41, 42, 43, 44, 45, 46, 79, 80, 81, 82, 71, 72, 73, 74, 51, 52, 53, 54, 55, 56, 57, 58, 63, 64, 65, 66, 59, 60, 61, 62, 21, 22, 23, 24, 75, 76, 77, 78]}}, {"model": "auth.group", "pk": 2, "fields": {"name": "professor", "permissions": [1, 2, 3, 4, 67, 68, 69, 70, 9, 10, 11, 12, 5, 6, 7, 8, 13, 14, 15, 16, 17, 18, 19, 20, 25, 29, 26, 30, 27, 28, 47, 48, 49, 50, 35, 36, 37, 38, 31, 32, 33, 34, 39, 40, 41, 42, 43, 44, 45, 46, 79, 80, 81, 82, 71, 72, 73, 74, 51, 52, 53, 54, 55, 56, 57, 58, 63, 64, 65, 66, 59, 60, 61, 62, 21, 22, 23, 24, 75, 76, 77, 78]}}, {"model": "auth.group", "pk": 3, "fields": {"name": "student", "permissions": [1, 2, 3, 4, 67, 68, 69, 70, 9, 10, 11, 12, 5, 6, 7, 8, 13, 14, 15, 16, 17, 18, 19, 20, 25, 29, 26, 30, 27, 28, 47, 48, 49, 50, 35, 36, 37, 38, 31, 32, 33, 34, 39, 40, 41, 42, 43, 44, 45, 46, 79, 80, 81, 82, 71, 72, 73, 74, 51, 52, 53, 54, 55, 56, 57, 58, 63, 64, 65, 66, 59, 60, 61, 62, 21, 22, 23, 24, 75, 76, 77, 78]}}, {"model": "auth.user", "pk": 1, "fields": {"password": "pbkdf2_sha256$870000$7kk0HYnrOdQC57MmvZt3qy$kOhqSn7Rbc6ppVqxGMa03IdxVdDpfA6uRXMaREDsrho=", "last_login": "2024-10-08T14:21:31.188Z", "is_superuser": true, "username": "admin", "first_name": "", "last_name": "", "email": "", "is_staff": true, "is_active": true, "date_joined": "2024-09-18T13:11:54.480Z", "groups": [], "user_permissions": []}}, {"model": "auth.user", "pk": 2, "fields": {"password": "pbkdf2_sha256$870000$jHJQBxBWJvR7BPZusmonuo$3rJZvkmW40XmBnzp3zWMh/slLt08xQLaxRfj23MSW3s=", "last_login": "2024-10-09T01:05:39.639Z", "is_superuser": false, "username": "professor01", "first_name": "", "last_name": "", "email": "", "is_staff": false, "is_active": true, "date_joined": "2024-09-19T01:04:38Z", "groups": [2], "user_permissions": []}}, {"model": "auth.user", "pk": 3, "fields": {"password": "pbkdf2_sha256$870000$ytyZnXqfSzYz4aYUTxhy4D$H9DrVYk5bXqwCZUCEFttuQFxjDU3MlTPAB5seYucPSQ=", "last_login": "2024-09-19T01:52:02.683Z", "is_superuser": false, "username": "professor02", "first_name": "", "last_name": "", "email": "", "is_staff": false, "is_active": true, "date_joined": "2024-09-19T01:04:58Z", "groups": [2], "user_permissions": []}}, {"model": "auth.user", "pk": 4, "fields": {"password": "pbkdf2_sha256$870000$KCE2AVjJU64L9rTruC1nRg$bTj/+r9+Y81EVCebKUF0CBve0EI9tlENYeevaQbkkhk=", "last_login": null, "is_superuser": false, "username": "professor03", "first_name": "", "last_name": "", "email": "", "is_staff": false, "is_active": true, "date_joined": "2024-09-19T01:05:26Z", "groups": [2], "user_permissions": []}}, {"model": "auth.user", "pk": 5, "fields": {"password": "pbkdf2_sha256$870000$uyLYWySo5Uia614bbTmw65$2cTpM+oe2ikmGDDmK9gfV2Cfbgfrj/jOUNK5vxh3mtc=", "last_login": null, "is_superuser": false, "username": "professor04", "first_name": "", "last_name": "", "email": "", "is_staff": false, "is_active": true, "date_joined": "2024-09-19T01:05:53Z", "groups": [2], "user_permissions": []}}, {"model": "auth.user", "pk": 6, "fields": {"password": "pbkdf2_sha256$870000$lGLT2xZCIX8smmf6lP7wZw$cxSLr6B2hQhrAKnPlTYkzRlZpGbvq30t3sYcmp57/a0=", "last_login": null, "is_superuser": false, "username": "professor05", "first_name": "", "last_name": "", "email": "", "is_staff": false, "is_active": true, "date_joined": "2024-09-19T01:06:20Z", "groups": [2], "user_permissions": []}}, {"model": "auth.user", "pk": 7, "fields": {"password": "pbkdf2_sha256$870000$Sz55UIxY4bVcgzgzGfnfoa$We0xd3vNbggRuK3f3WroppBkb9I3sgFPyZfNXi4jnnI=", "last_login": null, "is_superuser": false, "username": "professor06", "first_name": "", "last_name": "", "email": "", "is_staff": false, "is_active": true, "date_joined": "2024-09-19T01:06:33Z", "groups": [2], "user_permissions": []}}, {"model": "auth.user", "pk": 8, "fields": {"password": "pbkdf2_sha256$870000$OmRvcy8gZF3M4TgKOyJJky$K2+FDq3bP7t/C7IZ+frppF3iAs1oMVuKFCksZTJ4a8Q=", "last_login": null, "is_superuser": false, "username": "professor07", "first_name": "", "last_name": "", "email": "", "is_staff": false, "is_active": true, "date_joined": "2024-09-19T01:06:45Z", "groups": [2], "user_permissions": []}}, {"model": "auth.user", "pk": 9, "fields": {"password": "pbkdf2_sha256$870000$qDOMRM8IHvC1vPD3YxsyxY$OMayyp3wVu2ZdfcFaOdxKwp+0ipGQUOEUOJur/HVJn8=", "last_login": null, "is_superuser": false, "username": "professor08", "first_name": "", "last_name": "", "email": "", "is_staff": false, "is_active": true, "date_joined": "2024-09-19T01:07:08Z", "groups": [2], "user_permissions": []}}, {"model": "auth.user", "pk": 10, "fields": {"password": "pbkdf2_sha256$870000$9m0PxX4hJrY4dJpBaQ8g8l$HiRtZabz0Agq0k/Tb4Sco4+ASEbAtIy0nGwj0LeH0XY=", "last_login": null, "is_superuser": false, "username": "professor09", "first_name": "", "last_name": "", "email": "", "is_staff": false, "is_active": true, "date_joined": "2024-09-19T01:07:25Z", "groups": [2], "user_permissions": []}}, {"model": "auth.user", "pk": 11, "fields": {"password": "pbkdf2_sha256$870000$Slaz8Y3pcIrTKRP9EXCs5d$UMdeNndWxOEfDv1CCrvQD7I7e9k//UrHxYf6Dx2A/dc=", "last_login": null, "is_superuser": false, "username": "professor10", "first_name": "", "last_name": "", "email": "", "is_staff": false, "is_active": true, "date_joined": "2024-09-19T01:07:38Z", "groups": [2], "user_permissions": []}}, {"model": "auth.user", "pk": 12, "fields": {"password": "pbkdf2_sha256$870000$XEmU8smCVu1qy5oy7tB8x2$r3yOpTjNSuyRltkC5DjiXdL/u5LRO710UUBxyckrzE8=", "last_login": "2024-10-09T01:06:16.501Z", "is_superuser": false, "username": "s1", "first_name": "", "last_name": "", "email": "", "is_staff": false, "is_active": true, "date_joined": "2024-09-19T01:52:48Z", "groups": [3], "user_permissions": []}}, {"model": "auth.user", "pk": 13, "fields": {"password": "pbkdf2_sha256$870000$Oot3wBQwF9rsgCKQekfTJD$orHSaBdytCKO3PpvH3vsh0lvf2MncVv1QWvbPzV1v8M=", "last_login": null, "is_superuser": false, "username": "s2", "first_name": "", "last_name": "", "email": "", "is_staff": false, "is_active": true, "date_joined": "2024-09-19T01:56:09Z", "groups": [3], "user_permissions": []}}, {"model": "auth.user", "pk": 14, "fields": {"password": "pbkdf2_sha256$870000$IWKM356G9TmJTrxWZxQwBb$uR5Zt+jtCINr3v0PBmqLRWoGiSv8xaHE34XgRJ6MIN8=", "last_login": null, "is_superuser": false, "username": "s3", "first_name": "", "last_name": "", "email": "", "is_staff": false, "is_active": true, "date_joined": "2024-09-19T01:56:22Z", "groups": [3], "user_permissions": []}}, {"model": "auth.user", "pk": 15, "fields": {"password": "pbkdf2_sha256$870000$TotEdIOQEufuKzMuXj0Ggj$Hi4KdEjBi5TdIeMCYYgiP9wtcR75qHGj7AC0OZVb9hM=", "last_login": null, "is_superuser": false, "username": "s4", "first_name": "", "last_name": "", "email": "", "is_staff": false, "is_active": true, "date_joined": "2024-09-19T01:56:31Z", "groups": [3], "user_permissions": []}}, {"model": "auth.user", "pk": 16, "fields": {"password": "pbkdf2_sha256$870000$wJSh72YNztXx8lsyNuVOkR$YfoTu+tnOo3y/BGqXAYfRWbTmOhLDL2SgInzT2A7/yg=", "last_login": null, "is_superuser": false, "username": "s5", "first_name": "", "last_name": "", "email": "", "is_staff": false, "is_active": true, "date_joined": "2024-09-19T01:56:40Z", "groups": [3], "user_permissions": []}}, {"model": "auth.user", "pk": 17, "fields": {"password": "pbkdf2_sha256$870000$sPoBHEovYrn2lIfrCxyT0S$0PcWWhw52yRFjA1AfwwEeL2ag6xjFaBP649XHWgXwsk=", "last_login": null, "is_superuser": false, "username": "s6", "first_name": "", "last_name": "", "email": "", "is_staff": false, "is_active": true, "date_joined": "2024-09-19T01:56:50Z", "groups": [3], "user_permissions": []}}, {"model": "auth.user", "pk": 18, "fields": {"password": "pbkdf2_sha256$870000$Q7fmx8t9XmU5top1PEBhtN$2x7tVwDeemUsuAvzYt7HPRZA30GawiUAlXgBDB6+NOs=", "last_login": null, "is_superuser": false, "username": "s7", "first_name": "", "last_name": "", "email": "", "is_staff": false, "is_active": true, "date_joined": "2024-09-19T01:57:00Z", "groups": [3], "user_permissions": []}}, {"model": "auth.user", "pk": 19, "fields": {"password": "pbkdf2_sha256$870000$TNIACu1XUURAciaSK4Qy6E$obcmp/ZuqJhB+whc9P239wUfODwt4IJaYge4AQ8+RTU=", "last_login": null, "is_superuser": false, "username": "s8", "first_name": "", "last_name": "", "email": "", "is_staff": false, "is_active": true, "date_joined": "2024-09-19T01:57:11Z", "groups": [3], "user_permissions": []}}, {"model": "auth.user", "pk": 20, "fields": {"password": "pbkdf2_sha256$870000$srT0bJ4FpVX76MWjTeZNqY$kOytv9cGXbkC17BN4TqJDZvEvbaCWqIeVBfvu79N3rc=", "last_login": null, "is_superuser": false, "username": "s9", "first_name": "", "last_name": "", "email": "", "is_staff": false, "is_active": true, "date_joined": "2024-09-19T01:57:21Z", "groups": [3], "user_permissions": []}}, {"model": "auth.user", "pk": 21, "fields": {"password": "pbkdf2_sha256$870000$he6QmgxTiU2Ged76TE8EQT$7GkNS+M2ROLfo8wmrwOsYOD8y/x2aVwtpIP5ddzQAuA=", "last_login": null, "is_superuser": false, "username": "s10", "first_name": "", "last_name": "", "email": "", "is_staff": false, "is_active": true, "date_joined": "2024-09-19T01:57:32Z", "groups": [3], "user_permissions": []}}, {"model": "auth.user", "pk": 22, "fields": {"password": "pbkdf2_sha256$870000$mK3mfeXg0xTocUJwXuhprS$1on9sYlYk+gNih8rYSmh2uYgZfVXxY3NmqO9CHmunZo=", "last_login": null, "is_superuser": false, "username": "s11", "first_name": "", "last_name": "", "email": "", "is_staff": false, "is_active": true, "date_joined": "2024-09-19T01:57:44Z", "groups": [3], "user_permissions": []}}, {"model": "auth.user", "pk": 23, "fields": {"password": "pbkdf2_sha256$870000$j9mA5LAhvFR9DhkjuUwKMy$7ovm1G7nhT8JXXwVNNBs73GCP1x26ThG/t/6O4pmWfg=", "last_login": null, "is_superuser": false, "username": "s12", "first_name": "", "last_name": "", "email": "", "is_staff": false, "is_active": true, "date_joined": "2024-09-19T01:57:54Z", "groups": [3], "user_permissions": []}}, {"model": "auth.user", "pk": 24, "fields": {"password": "pbkdf2_sha256$870000$m4jFkl6rF5u6LGwwnvftKs$svDUKj+vvgh+MKrK08tUJyriEsTtX2IhxWOVCMKlyqM=", "last_login": null, "is_superuser": false, "username": "s13", "first_name": "", "last_name": "", "email": "", "is_staff": false, "is_active": true, "date_joined": "2024-09-19T01:58:03Z", "groups": [3], "user_permissions": []}}, {"model": "auth.user", "pk": 25, "fields": {"password": "pbkdf2_sha256$870000$7d2sFL8XbCLIL6OqY0ZtaI$u4OPO1a7mqMKlw2Gys1Fv2uVXbm/oBx045L97Lpo84M=", "last_login": null, "is_superuser": false, "username": "s14", "first_name": "", "last_name": "", "email": "", "is_staff": false, "is_active": true, "date_joined": "2024-09-19T01:58:19Z", "groups": [3], "user_permissions": []}}, {"model": "auth.user", "pk": 26, "fields": {"password": "pbkdf2_sha256$870000$G82CRC0VSRIu49UX4SN6x7$fOcRJQg9cBMNpWDM5loCBMCILlPnSgMNIMY6Gzyt8EQ=", "last_login": null, "is_superuser": false, "username": "s15", "first_name": "", "last_name": "", "email": "", "is_staff": false, "is_active": true, "date_joined": "2024-09-19T01:58:34Z", "groups": [3], "user_permissions": []}}, {"model": "contenttypes.contenttype", "pk": 1, "fields": {"app_label": "admin", "model": "logentry"}}, {"model": "contenttypes.contenttype", "pk": 2, "fields": {"app_label": "auth", "model": "permission"}}, {"model": "contenttypes.contenttype", "pk": 3, "fields": {"app_label": "auth", "model": "group"}}, {"model": "contenttypes.contenttype", "pk": 4, "fields": {"app_label": "auth", "model": "user"}}, {"model": "contenttypes.contenttype", "pk": 5, "fields": {"app_label": "contenttypes", "model": "contenttype"}}, {"model": "contenttypes.contenttype", "pk": 6, "fields": {"app_label": "sessions", "model": "session"}}, {"model": "contenttypes.contenttype", "pk": 7, "fields": {"app_label": "dashboard", "model": "course"}}, {"model": "contenttypes.contenttype", "pk": 8, "fields": {"app_label": "dashboard", "model": "modulelist"}}, {"model": "contenttypes.contenttype", "pk": 9, "fields": {"app_label": "dashboard", "model": "moduleitem"}}, {"model": "contenttypes.contenttype", "pk": 10, "fields": {"app_label": "dashboard", "model": "professor"}}, {"model": "contenttypes.contenttype", "pk": 11, "fields": {"app_label": "dashboard", "model": "student"}}, {"model": "contenttypes.contenttype", "pk": 12, "fields": {"app_label": "dashboard", "model": "enrollment"}}, {"model": "contenttypes.contenttype", "pk": 13, "fields": {"app_label": "main", "model": "block"}}, {"model": "contenttypes.contenttype", "pk": 14, "fields": {"app_label": "main", "model": "department"}}, {"model": "contenttypes.contenttype", "pk": 15, "fields": {"app_label": "main", "model": "semester"}}, {"model": "contenttypes.contenttype", "pk": 16, "fields": {"app_label": "main", "model": "profile"}}, {"model": "contenttypes.contenttype", "pk": 17, "fields": {"app_label": "announcement", "model": "announcement"}}, {"model": "contenttypes.contenttype", "pk": 18, "fields": {"app_label": "inbox", "model": "inbox"}}, {"model": "contenttypes.contenttype", "pk": 19, "fields": {"app_label": "todo", "model": "todo"}}, {"model": "contenttypes.contenttype", "pk": 20, "fields": {"app_label": "event", "model": "event"}}, {"model": "contenttypes.contenttype", "pk": 21, "fields": {"app_label": "grade", "model": "studentexam"}}, {"model": "contenttypes.contenttype", "pk": 22, "fields": {"app_label": "grade", "model": "studentactivity"}}, {"model": "contenttypes.contenttype", "pk": 23, "fields": {"app_label": "grade", "model": "activity"}}, {"model": "contenttypes.contenttype", "pk": 24, "fields": {"app_label": "grade", "model": "exam"}}, {"model": "dashboard.student", "pk": 1, "fields": {"user": 12, "block": 7, "department": 5, "major": "Nesciunt fuga Dolor similique quia facilis autem sunt delectus sunt eius eveniet delectus suscipit incididunt consequatur", "year": 1971, "academic_status": "On leave", "is_graduated": false, "created_at": "2024-09-19T02:25:23.317Z", "updated_at": "2024-09-19T02:25:23.317Z"}}, {"model": "dashboard.student", "pk": 2, "fields": {"user": 13, "block": 1, "department": 7, "major": "Rerum quaerat eos dolorem eu magna aliquam minim aliquip sed tempore sequi qui enim ad impedit iusto irure", "year": 1987, "academic_status": "Suspended", "is_graduated": false, "created_at": "2024-09-19T02:25:30.215Z", "updated_at": "2024-09-19T02:25:30.215Z"}}, {"model": "dashboard.student", "pk": 3, "fields": {"user": 14, "block": 4, "department": 2, "major": "Anim mollit omnis sapiente nulla aliquip debitis eveniet dolore veniam odit fugiat est quo ut quod ut ut", "year": 1986, "academic_status": "Suspended", "is_graduated": true, "created_at": "2024-09-19T02:25:37.594Z", "updated_at": "2024-09-19T02:25:37.594Z"}}, {"model": "dashboard.student", "pk": 4, "fields": {"user": 15, "block": 3, "department": 7, "major": "Quis eu mollit dolor explicabo Nihil autem sint aute duis facilis et corrupti consectetur incidunt", "year": 2016, "academic_status": "Excused", "is_graduated": true, "created_at": "2024-09-19T02:25:46.255Z", "updated_at": "2024-09-19T02:25:46.255Z"}}, {"model": "dashboard.student", "pk": 5, "fields": {"user": 16, "block": 4, "department": 6, "major": "Reprehenderit cillum et aut repellendus Excepteur qui", "year": 2006, "academic_status": "Excused", "is_graduated": true, "created_at": "2024-09-19T02:25:58.947Z", "updated_at": "2024-09-19T02:25:58.947Z"}}, {"model": "dashboard.student", "pk": 6, "fields": {"user": 17, "block": 9, "department": 3, "major": "Exercitation sed deserunt sunt dolor dolor rerum dolorem dolor vel", "year": 1973, "academic_status": "On leave", "is_graduated": false, "created_at": "2024-09-19T02:26:08.364Z", "updated_at": "2024-09-19T02:26:08.364Z"}}, {"model": "dashboard.student", "pk": 7, "fields": {"user": 18, "block": 1, "department": 1, "major": "Commodi est omnis vero id", "year": 1975, "academic_status": "Active", "is_graduated": false, "created_at": "2024-09-19T02:26:15.578Z", "updated_at": "2024-09-19T02:26:15.579Z"}}, {"model": "dashboard.student", "pk": 8, "fields": {"user": 19, "block": 3, "department": 6, "major": "Vel cum velit culpa et velit nihil dolore aut labore explicabo Ea", "year": 1979, "academic_status": "Excused", "is_graduated": false, "created_at": "2024-09-19T02:26:25.228Z", "updated_at": "2024-09-19T02:26:25.229Z"}}, {"model": "dashboard.student", "pk": 9, "fields": {"user": 20, "block": 3, "department": 2, "major": "Cillum aliquam repudiandae autem quis omnis consectetur repellendus Sit sunt voluptate voluptas sed", "year": 1971, "academic_status": "Excused", "is_graduated": false, "created_at": "2024-09-19T02:26:34.774Z", "updated_at": "2024-09-19T02:26:34.774Z"}}, {"model": "dashboard.student", "pk": 10, "fields": {"user": 21, "block": 3, "department": 1, "major": "Qui aperiam et magnam omnis consequatur Voluptate et commodi ex cum dolores commodo dolores aut obcaecati", "year": 1983, "academic_status": "Suspended", "is_graduated": true, "created_at": "2024-09-19T02:26:41.471Z", "updated_at": "2024-09-19T02:26:41.471Z"}}, {"model": "dashboard.student", "pk": 11, "fields": {"user": 22, "block": 4, "department": 5, "major": "Do quo nihil sit aut lorem corrupti et nisi minim tenetur esse neque quae molestiae laborum fugiat", "year": 2002, "academic_status": "Active", "is_graduated": true, "created_at": "2024-09-19T02:26:49.776Z", "updated_at": "2024-09-19T02:26:49.776Z"}}, {"model": "dashboard.student", "pk": 12, "fields": {"user": 23, "block": 7, "department": 7, "major": "Eum et possimus facere illo odio incididunt accusamus cillum Nam do qui incididunt aut ab sit sed et error tempore", "year": 2016, "academic_status": "Excused", "is_graduated": false, "created_at": "2024-09-19T02:26:59.611Z", "updated_at": "2024-09-19T02:26:59.611Z"}}, {"model": "dashboard.student", "pk": 13, "fields": {"user": 24, "block": 3, "department": 6, "major": "Sed minim excepturi dignissimos saepe facere nihil non voluptatum debitis saepe ea est vero", "year": 2005, "academic_status": "On leave", "is_graduated": true, "created_at": "2024-09-19T02:27:08.673Z", "updated_at": "2024-09-19T02:27:08.673Z"}}, {"model": "dashboard.student", "pk": 14, "fields": {"user": 25, "block": 8, "department": 6, "major": "Qui eos aute asperiores asperiores rem ut autem irure", "year": 1977, "academic_status": "Suspended", "is_graduated": false, "created_at": "2024-09-19T02:27:23.775Z", "updated_at": "2024-09-19T02:27:23.775Z"}}, {"model": "dashboard.student", "pk": 15, "fields": {"user": 26, "block": 9, "department": 6, "major": "Nisi ducimus dolore quo accusamus expedita reprehenderit enim irure et culpa", "year": 2018, "academic_status": "Excused", "is_graduated": true, "created_at": "2024-09-19T02:27:30.867Z", "updated_at": "2024-09-19T02:27:30.867Z"}}, {"model": "dashboard.professor", "pk": 1, "fields": {"user": 2, "department": 8, "hire_date": "2024-09-19T00:00:00Z", "academic_rank": "Professor", "created_at": "2024-09-19T01:16:42.988Z", "updated_at": "2024-09-19T01:16:42.988Z"}}, {"model": "dashboard.professor", "pk": 2, "fields": {"user": 3, "department": 8, "hire_date": "2024-09-19T00:00:00Z", "academic_rank": "Assistant Professor", "created_at": "2024-09-19T01:16:55.503Z", "updated_at": "2024-09-19T01:16:55.504Z"}}, {"model": "dashboard.professor", "pk": 3, "fields": {"user": 4, "department": 3, "hire_date": "2024-09-19T00:00:00Z", "academic_rank": "Assistant Professor", "created_at": "2024-09-19T01:17:09.978Z", "updated_at": "2024-09-19T01:17:09.978Z"}}, {"model": "dashboard.professor", "pk": 4, "fields": {"user": 5, "department": 8, "hire_date": "2024-09-19T00:00:00Z", "academic_rank": "Professor", "created_at": "2024-09-19T01:17:27.044Z", "updated_at": "2024-09-19T01:17:27.044Z"}}, {"model": "dashboard.professor", "pk": 5, "fields": {"user": 6, "department": 4, "hire_date": "2024-09-19T00:00:00Z", "academic_rank": "Assistant Professor", "created_at": "2024-09-19T01:17:56.582Z", "updated_at": "2024-09-19T01:17:56.582Z"}}, {"model": "dashboard.professor", "pk": 6, "fields": {"user": 7, "department": 1, "hire_date": "2024-09-19T00:00:00Z", "academic_rank": "Associate Professor", "created_at": "2024-09-19T01:18:13.518Z", "updated_at": "2024-09-19T01:18:13.518Z"}}, {"model": "dashboard.professor", "pk": 7, "fields": {"user": 8, "department": 2, "hire_date": "2024-09-19T00:00:00Z", "academic_rank": "Full Professor", "created_at": "2024-09-19T01:18:34.105Z", "updated_at": "2024-09-19T01:18:34.105Z"}}, {"model": "dashboard.professor", "pk": 8, "fields": {"user": 10, "department": 1, "hire_date": "2024-09-19T00:00:00Z", "academic_rank": "Associate Professor", "created_at": "2024-09-19T01:18:44.999Z", "updated_at": "2024-09-19T01:18:44.999Z"}}, {"model": "dashboard.professor", "pk": 9, "fields": {"user": 9, "department": 5, "hire_date": "2024-09-19T00:00:00Z", "academic_rank": "Professor", "created_at": "2024-09-19T01:19:01.224Z", "updated_at": "2024-09-19T01:19:01.224Z"}}, {"model": "dashboard.professor", "pk": 10, "fields": {"user": 11, "department": 3, "hire_date": "2024-09-19T00:00:00Z", "academic_rank": "Associate Professor", "created_at": "2024-09-19T01:19:22.307Z", "updated_at": "2024-09-19T01:19:22.307Z"}}, {"model": "dashboard.course", "pk": 1, "fields": {"professor": 1, "block": 5, "department": 2, "semester": 2, "title": "Excepteur qui recusandae Similique recusandae Qui laudantium omnis in deserunt nulla est minima", "code": "Exerci", "codename": "Cassandra Hull", "about": "Eos provident natus", "syllabus": "Sapiente qui dolor c", "unit": 1, "start_time": "00:00:00", "end_time": "00:00:00", "days": "MTH", "room": "Fugit proident vit", "created_at": "2024-09-19T01:23:06.430Z", "updated_at": "2024-09-19T01:23:06.431Z"}}, {"model": "dashboard.course", "pk": 2, "fields": {"professor": 2, "block": 2, "department": 8, "semester": 2, "title": "Ipsam unde laborum et aut eum elit et mollit laboriosam voluptates delectus tempore molestiae eos assumenda architecto et ea", "code": "Quasi", "codename": "Magee Waters", "about": "Eum dolore esse dol", "syllabus": "Dolorem neque explic", "unit": 1, "start_time": "00:00:00", "end_time": "00:00:00", "days": "W", "room": "Atque reiciendis per", "created_at": "2024-09-19T01:23:23.423Z", "updated_at": "2024-09-19T01:23:23.423Z"}}, {"model": "dashboard.course", "pk": 3, "fields": {"professor": 1, "block": 2, "department": 2, "semester": 2, "title": "Odit fuga Dicta ea voluptas delectus sed facere esse sequi harum aut voluptatem proident iusto", "code": "Eos e", "codename": "Willa Martin", "about": "Excepturi laboris et", "syllabus": "Quod quis deserunt r", "unit": 3, "start_time": "00:00:00", "end_time": "00:00:00", "days": "TF", "room": "Elit nihil commodi", "created_at": "2024-09-19T01:23:48.574Z", "updated_at": "2024-09-19T01:23:48.574Z"}}, {"model": "dashboard.course", "pk": 4, "fields": {"professor": 8, "block": 4, "department": 4, "semester": 1, "title": "Aspernatur sequi cum quia ex", "code": "Ad Nam", "codename": "Iris Bean", "about": "Qui sequi similique", "syllabus": "Est asperiores rati", "unit": 1, "start_time": "00:00:00", "end_time": "00:00:00", "days": "TF", "room": "Dolore tempore dolo", "created_at": "2024-09-19T01:24:11.114Z", "updated_at": "2024-09-19T01:24:11.114Z"}}, {"model": "dashboard.course", "pk": 5, "fields": {"professor": 4, "block": 1, "department": 4, "semester": 3, "title": "Unde rerum sit ut adipisicing quibusdam quidem in excepturi eius minus harum qui unde tempora a dolor", "code": "Ut deb", "codename": "Fiona Alston", "about": "Porro labore vel ver", "syllabus": "Dolorem culpa esse", "unit": 3, "start_time": "01:00:00", "end_time": "11:00:00", "days": "M", "room": "Sed doloribus commod", "created_at": "2024-09-19T01:24:34.049Z", "updated_at": "2024-09-19T01:24:34.049Z"}}, {"model": "dashboard.course", "pk": 6, "fields": {"professor": 4, "block": 4, "department": 6, "semester": 3, "title": "Irure dolores hic sunt incididunt autem tenetur placeat inventore ratione quos saepe nihil mollit repudiandae laboriosam ut", "code": "Ut off", "codename": "Odette Powell", "about": "Consequatur excepteu", "syllabus": "Et asperiores nobis", "unit": 3, "start_time": "00:00:00", "end_time": "00:00:00", "days": "W", "room": "Quis qui debitis vel", "created_at": "2024-09-19T01:24:59.082Z", "updated_at": "2024-09-19T01:24:59.082Z"}}, {"model": "dashboard.course", "pk": 7, "fields": {"professor": 10, "block": 5, "department": 4, "semester": 1, "title": "Excepturi dolor unde in asperiores error sed autem aspernatur id ullamco corrupti sit", "code": "Impedi", "codename": "Oleg Paul", "about": "Non illo vero hic re", "syllabus": "Commodo fuga In off", "unit": 3, "start_time": "00:00:00", "end_time": "00:00:00", "days": "T", "room": "Dignissimos quo dese", "created_at": "2024-09-19T01:25:17.419Z", "updated_at": "2024-09-19T01:25:17.420Z"}}, {"model": "dashboard.course", "pk": 8, "fields": {"professor": 3, "block": 6, "department": 4, "semester": 3, "title": "Doloremque ea sed reprehenderit provident omnis numquam quis consequatur", "code": "Id at", "codename": "Jeanette Bush", "about": "Ullamco magna itaque", "syllabus": "Dolore do sit saepe", "unit": 3, "start_time": "00:00:00", "end_time": "00:00:00", "days": "TH", "room": "Deleniti ipsum hic", "created_at": "2024-09-19T01:25:54.007Z", "updated_at": "2024-09-19T01:25:54.008Z"}}, {"model": "dashboard.course", "pk": 9, "fields": {"professor": 10, "block": 2, "department": 3, "semester": 2, "title": "Tempor amet reiciendis mollit et sit libero ex", "code": "Quis u", "codename": "Beatrice Brown", "about": "Aut facere ex id mag", "syllabus": "Ut tempora et conseq", "unit": 3, "start_time": "00:00:00", "end_time": "00:00:00", "days": "S", "room": "Libero lorem dolor v", "created_at": "2024-09-19T01:26:04.492Z", "updated_at": "2024-09-19T01:26:04.492Z"}}, {"model": "dashboard.course", "pk": 10, "fields": {"professor": 5, "block": 4, "department": 1, "semester": 2, "title": "Dolor soluta non ut qui", "code": "In et", "codename": "Palmer Gallagher", "about": "Beatae incidunt qui", "syllabus": "Ea eos impedit accu", "unit": 3, "start_time": "00:00:00", "end_time": "00:00:00", "days": "M", "room": "A enim laboriosam s", "created_at": "2024-09-19T01:26:28.085Z", "updated_at": "2024-09-19T01:26:28.085Z"}}, {"model": "dashboard.course", "pk": 11, "fields": {"professor": 5, "block": 4, "department": 6, "semester": 2, "title": "Modi debitis sequi praesentium quod et voluptas minima qui odio animi nemo aliqua Hic molestiae laborum Praesentium sed", "code": "Ab qua", "codename": "Kylan Clark", "about": "Velit suscipit tempo", "syllabus": "Qui ipsam ipsam sed", "unit": 3, "start_time": "00:00:00", "end_time": "00:00:00", "days": "MTH", "room": "Qui eum eiusmod eaqu", "created_at": "2024-09-19T01:27:19.859Z", "updated_at": "2024-09-19T01:27:19.859Z"}}, {"model": "dashboard.course", "pk": 12, "fields": {"professor": 1, "block": 7, "department": 5, "semester": 2, "title": "Nostrud est ut doloribus culpa aute et", "code": "Aut et", "codename": "Conan Pratt", "about": "Voluptatum nesciunt", "syllabus": "Quis qui at molestia", "unit": 3, "start_time": "00:00:00", "end_time": "00:00:00", "days": "T", "room": "Tempor repellendus", "created_at": "2024-09-19T01:27:37.760Z", "updated_at": "2024-09-19T01:27:37.760Z"}}, {"model": "dashboard.course", "pk": 13, "fields": {"professor": 6, "block": 1, "department": 4, "semester": 2, "title": "Consequat Autem cillum cumque possimus laboriosam ad", "code": "Quis e", "codename": "Chelsea Bridges", "about": "Aut vitae quisquam p", "syllabus": "Laboris veniam exer", "unit": 3, "start_time": "00:00:00", "end_time": "00:00:00", "days": "T", "room": "Doloribus voluptatum", "created_at": "2024-09-19T01:27:53.139Z", "updated_at": "2024-09-19T01:27:53.139Z"}}, {"model": "dashboard.course", "pk": 14, "fields": {"professor": 3, "block": 3, "department": 5, "semester": 2, "title": "Nulla et aut nulla maxime aut ut numquam est officia laboriosam nisi saepe", "code": "Est si", "codename": "Xander Ortiz", "about": "Pariatur Provident", "syllabus": "Do libero veritatis", "unit": 3, "start_time": "00:00:00", "end_time": "00:00:00", "days": "T", "room": "Irure fugiat velit", "created_at": "2024-09-19T01:28:10.125Z", "updated_at": "2024-09-19T01:28:10.125Z"}}, {"model": "dashboard.course", "pk": 15, "fields": {"professor": 1, "block": 7, "department": 6, "semester": 1, "title": "Esse labore libero ut qui voluptatem voluptate id dolor numquam magnam et", "code": "Volupt", "codename": "Sonia Mathis", "about": "Quia consequuntur mo", "syllabus": "Necessitatibus volup", "unit": 3, "start_time": "00:00:00", "end_time": "00:00:00", "days": "D", "room": "Aut consectetur pro", "created_at": "2024-09-19T01:28:23.978Z", "updated_at": "2024-09-19T01:28:23.978Z"}}, {"model": "dashboard.course", "pk": 16, "fields": {"professor": 7, "block": 7, "department": 7, "semester": 3, "title": "Deleniti non eveniet pariatur Neque non vero sit exercitation qui est cupiditate qui dolores doloremque reprehenderit quaerat", "code": "Quos s", "codename": "Rahim Delaney", "about": "Adipisci tenetur vol", "syllabus": "Dicta enim qui incid", "unit": 3, "start_time": "00:00:00", "end_time": "00:00:00", "days": "WS", "room": "Rem velit qui conseq", "created_at": "2024-09-19T01:28:43.213Z", "updated_at": "2024-09-19T01:28:43.214Z"}}, {"model": "dashboard.course", "pk": 17, "fields": {"professor": 2, "block": 3, "department": 7, "semester": 1, "title": "Sunt ab dolore veniam aut in voluptates ut molestiae vero omnis ullamco", "code": "Quo id", "codename": "Myra Byrd", "about": "Ratione hic incidunt", "syllabus": "Ipsum pariatur Vero", "unit": 3, "start_time": "00:00:00", "end_time": "00:00:00", "days": "WS", "room": "Quia cupidatat digni", "created_at": "2024-09-19T01:29:46.513Z", "updated_at": "2024-09-19T01:29:46.513Z"}}, {"model": "dashboard.course", "pk": 18, "fields": {"professor": 5, "block": 6, "department": 4, "semester": 2, "title": "Eos nesciunt dicta voluptas facere sit cupiditate atque quo culpa quo proident et exercitation pariatur", "code": "Ut nes", "codename": "Laith Day", "about": "Labore perspiciatis", "syllabus": "Dolor repudiandae au", "unit": 3, "start_time": "00:00:00", "end_time": "00:00:00", "days": "TF", "room": "Nisi incididunt exce", "created_at": "2024-09-19T01:30:09.177Z", "updated_at": "2024-09-19T01:30:09.177Z"}}, {"model": "dashboard.course", "pk": 19, "fields": {"professor": 9, "block": 4, "department": 7, "semester": 2, "title": "Aut irure dolores debitis ab sit veniam doloribus", "code": "Deseru", "codename": "Kevyn Mayer", "about": "Est odio eaque nihil", "syllabus": "Suscipit vel quas do", "unit": 3, "start_time": "00:00:00", "end_time": "00:00:00", "days": "F", "room": "Proident impedit l", "created_at": "2024-09-19T01:30:22.909Z", "updated_at": "2024-09-19T01:30:22.909Z"}}, {"model": "dashboard.course", "pk": 20, "fields": {"professor": 4, "block": 1, "department": 7, "semester": 1, "title": "Exercitationem consequatur tempore omnis aut commodo ducimus et voluptatibus aut eligendi assumenda error quasi", "code": "Eos m", "codename": "Donovan Sargent", "about": "Pariatur Non eum at", "syllabus": "Molestiae eiusmod en", "unit": 3, "start_time": "00:00:00", "end_time": "00:00:00", "days": "D", "room": "Do excepturi aperiam", "created_at": "2024-09-19T01:30:34.596Z", "updated_at": "2024-09-19T01:30:34.596Z"}}, {"model": "dashboard.course", "pk": 21, "fields": {"professor": 8, "block": 7, "department": 1, "semester": 1, "title": "Impedit cillum officia qui obcaecati culpa", "code": "Aperia", "codename": "Warren Scott", "about": "Illum laboriosam i", "syllabus": "Suscipit consequatur", "unit": 3, "start_time": "00:00:00", "end_time": "00:00:00", "days": "W", "room": "Voluptate esse aut", "created_at": "2024-09-19T01:30:46.516Z", "updated_at": "2024-09-19T01:30:46.516Z"}}, {"model": "dashboard.course", "pk": 22, "fields": {"professor": 1, "block": 5, "department": 6, "semester": 2, "title": "Id incididunt velit quo accusantium ut accusamus qui et et incidunt aspernatur rerum maxime enim sed officia commodo dolorum", "code": "Commod", "codename": "Henry Clayton", "about": "Porro vel sapiente t", "syllabus": "Ipsum tempore atque", "unit": 3, "start_time": "00:00:00", "end_time": "00:00:00", "days": "F", "room": "Ad odio rem libero c", "created_at": "2024-09-19T01:30:59.133Z", "updated_at": "2024-09-19T01:30:59.133Z"}}, {"model": "dashboard.course", "pk": 23, "fields": {"professor": 4, "block": 1, "department": 7, "semester": 1, "title": "Maiores in dolor qui voluptate non a debitis deleniti culpa cupiditate illo est nulla corrupti reprehenderit anim anim eos", "code": "Quo vo", "codename": "Molly Mccray", "about": "Nihil qui voluptatib", "syllabus": "Et dolor consequatur", "unit": 3, "start_time": "00:00:00", "end_time": "00:00:00", "days": "W", "room": "Ipsum voluptatem ven", "created_at": "2024-09-19T01:31:21.393Z", "updated_at": "2024-09-19T01:31:21.394Z"}}, {"model": "dashboard.course", "pk": 24, "fields": {"professor": 8, "block": 3, "department": 3, "semester": 2, "title": "Assumenda minim deserunt corrupti veniam labore est dolor id sint ducimus possimus ducimus dolor amet", "code": "Et asp", "codename": "Dominique Livingston", "about": "Temporibus aliquip c", "syllabus": "Sint animi molestia", "unit": 3, "start_time": "00:00:00", "end_time": "00:00:00", "days": "D", "room": "Enim dolorem unde is", "created_at": "2024-09-19T01:31:33.753Z", "updated_at": "2024-09-19T01:31:33.753Z"}}, {"model": "dashboard.course", "pk": 25, "fields": {"professor": 9, "block": 6, "department": 4, "semester": 3, "title": "Cumque nostrud exercitationem velit id sit exercitationem omnis commodi non exercitationem amet quia minus", "code": "Deleni", "codename": "Axel Joseph", "about": "Odit dicta architect", "syllabus": "Voluptates et dignis", "unit": 3, "start_time": "00:00:00", "end_time": "00:00:00", "days": "MTH", "room": "Neque omnis aliquip", "created_at": "2024-09-19T01:31:48.767Z", "updated_at": "2024-09-19T01:31:48.767Z"}}, {"model": "dashboard.course", "pk": 26, "fields": {"professor": 8, "block": 5, "department": 6, "semester": 1, "title": "Labore aliquip rerum libero molestiae eligendi aut enim voluptas id lorem officia sit veritatis sed quo est voluptas rerum", "code": "Incidi", "codename": "Pandora Davenport", "about": "Deserunt lorem incid", "syllabus": "Inventore molestiae", "unit": 3, "start_time": "00:00:00", "end_time": "00:00:00", "days": "W", "room": "Fugiat consectetur", "created_at": "2024-09-19T01:32:08.955Z", "updated_at": "2024-09-19T01:32:08.955Z"}}, {"model": "dashboard.course", "pk": 27, "fields": {"professor": 2, "block": 2, "department": 1, "semester": 1, "title": "Sed et labore sint fugiat dolor debitis qui tenetur sit quia possimus adipisci delectus molestias qui pariatur Quis nobis", "code": "Earum", "codename": "Fiona Luna", "about": "Dolores dolor sequi", "syllabus": "Consequatur Soluta", "unit": 3, "start_time": "00:00:00", "end_time": "00:00:00", "days": "MTH", "room": "Proident nobis illo", "created_at": "2024-09-19T01:32:22.321Z", "updated_at": "2024-09-19T01:32:22.321Z"}}, {"model": "dashboard.course", "pk": 28, "fields": {"professor": 7, "block": 5, "department": 1, "semester": 2, "title": "Sunt do impedit fugit magnam qui rem", "code": "Dolore", "codename": "Pamela Rutledge", "about": "Aspernatur asperiore", "syllabus": "Non non necessitatib", "unit": 3, "start_time": "00:00:00", "end_time": "00:00:00", "days": "TH", "room": "Dolor nemo qui tempo", "created_at": "2024-09-19T01:33:23.709Z", "updated_at": "2024-09-19T01:33:23.709Z"}}, {"model": "dashboard.course", "pk": 29, "fields": {"professor": 9, "block": 5, "department": 3, "semester": 3, "title": "Quo cupiditate deserunt consequatur aut vel explicabo Molestiae ut iusto facilis", "code": "Facere", "codename": "Kiara Wallace", "about": "Lorem voluptatem Si", "syllabus": "Quos enim suscipit q", "unit": 3, "start_time": "00:00:00", "end_time": "00:00:00", "days": "D", "room": "Enim dolore recusand", "created_at": "2024-09-19T01:33:36.614Z", "updated_at": "2024-09-19T01:33:36.614Z"}}, {"model": "dashboard.course", "pk": 30, "fields": {"professor": 8, "block": 1, "department": 4, "semester": 1, "title": "Beatae consequatur Corporis non porro laudantium enim voluptatem Laboriosam perferendis obcaecati obcaecati dolore voluptas", "code": "Et off", "codename": "Wynne Rice", "about": "Magna sit eaque odio", "syllabus": "Numquam enim qui qui", "unit": 3, "start_time": "00:00:00", "end_time": "00:00:00", "days": "TH", "room": "Veritatis enim quas", "created_at": "2024-09-19T01:33:48.527Z", "updated_at": "2024-09-19T01:33:48.528Z"}}, {"model": "dashboard.enrollment", "pk": 1, "fields": {"student": 15, "course": 30, "enrollment_date": "2024-09-19T00:00:00Z", "completion_date": "2024-09-19T00:00:00Z", "status": "Enrolled", "created_at": "2024-09-19T02:29:58.664Z", "updated_at": "2024-09-19T02:29:58.664Z"}}, {"model": "dashboard.enrollment", "pk": 2, "fields": {"student": 1, "course": 4, "enrollment_date": "2024-09-19T00:00:00Z", "completion_date": "2024-09-19T00:00:00Z", "status": "Enrolled", "created_at": "2024-09-19T02:30:12.886Z", "updated_at": "2024-09-19T02:30:12.886Z"}}, {"model": "dashboard.enrollment", "pk": 3, "fields": {"student": 10, "course": 4, "enrollment_date": "2024-09-19T00:00:00Z", "completion_date": "2024-09-19T00:00:00Z", "status": "Enrolled", "created_at": "2024-09-19T02:30:35.870Z", "updated_at": "2024-09-19T02:30:35.870Z"}}, {"model": "dashboard.enrollment", "pk": 4, "fields": {"student": 13, "course": 5, "enrollment_date": "2024-09-19T00:00:00Z", "completion_date": "2024-09-19T00:00:00Z", "status": "Enrolled", "created_at": "2024-09-19T02:30:53.268Z", "updated_at": "2024-09-19T02:30:53.268Z"}}, {"model": "dashboard.enrollment", "pk": 5, "fields": {"student": 2, "course": 21, "enrollment_date": "2024-09-19T00:00:00Z", "completion_date": "2024-09-19T00:00:00Z", "status": "Enrolled", "created_at": "2024-09-19T02:31:07.214Z", "updated_at": "2024-09-19T02:31:07.214Z"}}, {"model": "dashboard.enrollment", "pk": 6, "fields": {"student": 11, "course": 5, "enrollment_date": "2024-09-19T00:00:00Z", "completion_date": "2024-09-19T00:00:00Z", "status": "Enrolled", "created_at": "2024-09-19T02:31:32.626Z", "updated_at": "2024-09-19T02:31:32.626Z"}}, {"model": "dashboard.enrollment", "pk": 7, "fields": {"student": 10, "course": 3, "enrollment_date": "2024-09-19T00:00:00Z", "completion_date": "2024-09-19T00:00:00Z", "status": "Enrolled", "created_at": "2024-09-19T02:31:51.504Z", "updated_at": "2024-09-19T02:31:51.504Z"}}, {"model": "dashboard.enrollment", "pk": 8, "fields": {"student": 13, "course": 21, "enrollment_date": "2024-09-19T00:00:00Z", "completion_date": "2024-09-19T00:00:00Z", "status": "Enrolled", "created_at": "2024-09-19T02:32:10.273Z", "updated_at": "2024-09-19T02:32:10.273Z"}}, {"model": "dashboard.enrollment", "pk": 9, "fields": {"student": 2, "course": 8, "enrollment_date": "2024-09-19T00:00:00Z", "completion_date": "2024-09-19T00:00:00Z", "status": "Enrolled", "created_at": "2024-09-19T02:32:25.158Z", "updated_at": "2024-09-19T02:32:25.158Z"}}, {"model": "dashboard.enrollment", "pk": 10, "fields": {"student": 13, "course": 10, "enrollment_date": "2024-09-19T00:00:00Z", "completion_date": "2024-09-19T00:00:00Z", "status": "Enrolled", "created_at": "2024-09-19T02:33:15.597Z", "updated_at": "2024-09-19T02:33:15.597Z"}}, {"model": "dashboard.enrollment", "pk": 11, "fields": {"student": 4, "course": 10, "enrollment_date": "2024-09-19T00:00:00Z", "completion_date": "2024-09-19T00:00:00Z", "status": "Enrolled", "created_at": "2024-09-19T02:33:34.772Z", "updated_at": "2024-09-19T02:33:34.772Z"}}, {"model": "dashboard.enrollment", "pk": 12, "fields": {"student": 11, "course": 21, "enrollment_date": "2024-09-19T00:00:00Z", "completion_date": "2024-09-19T00:00:00Z", "status": "Enrolled", "created_at": "2024-09-19T02:33:48.234Z", "updated_at": "2024-09-19T02:33:48.234Z"}}, {"model": "dashboard.enrollment", "pk": 13, "fields": {"student": 7, "course": 6, "enrollment_date": "2024-09-19T00:00:00Z", "completion_date": "2024-09-19T00:00:00Z", "status": "Enrolled", "created_at": "2024-09-19T02:34:01.370Z", "updated_at": "2024-09-19T02:34:01.370Z"}}, {"model": "dashboard.enrollment", "pk": 14, "fields": {"student": 4, "course": 18, "enrollment_date": "2024-09-19T00:00:00Z", "completion_date": "2024-09-19T00:00:00Z", "status": "Enrolled", "created_at": "2024-09-19T02:34:16.742Z", "updated_at": "2024-09-19T02:34:16.742Z"}}, {"model": "dashboard.enrollment", "pk": 15, "fields": {"student": 3, "course": 5, "enrollment_date": "2024-09-19T00:00:00Z", "completion_date": "2024-09-19T00:00:00Z", "status": "Enrolled", "created_at": "2024-09-19T02:34:31.941Z", "updated_at": "2024-09-19T02:34:31.942Z"}}, {"model": "dashboard.enrollment", "pk": 16, "fields": {"student": 1, "course": 18, "enrollment_date": "2024-09-19T00:00:00Z", "completion_date": "2024-09-19T00:00:00Z", "status": "Enrolled", "created_at": "2024-09-19T02:34:46.793Z", "updated_at": "2024-09-19T02:34:46.793Z"}}, {"model": "dashboard.enrollment", "pk": 17, "fields": {"student": 10, "course": 4, "enrollment_date": "2024-09-19T00:00:00Z", "completion_date": "2024-09-19T00:00:00Z", "status": "Enrolled", "created_at": "2024-09-19T02:35:02.890Z", "updated_at": "2024-09-19T02:35:02.890Z"}}, {"model": "dashboard.enrollment", "pk": 18, "fields": {"student": 8, "course": 12, "enrollment_date": "2024-09-19T00:00:00Z", "completion_date": "2024-09-19T00:00:00Z", "status": "Enrolled", "created_at": "2024-09-19T02:35:19.874Z", "updated_at": "2024-09-19T02:35:19.874Z"}}, {"model": "dashboard.enrollment", "pk": 19, "fields": {"student": 9, "course": 8, "enrollment_date": "2024-09-19T00:00:00Z", "completion_date": "2024-09-19T00:00:00Z", "status": "Enrolled", "created_at": "2024-09-19T02:35:35.541Z", "updated_at": "2024-09-19T02:35:35.541Z"}}, {"model": "dashboard.enrollment", "pk": 20, "fields": {"student": 3, "course": 21, "enrollment_date": "2024-09-19T00:00:00Z", "completion_date": "2024-09-19T00:00:00Z", "status": "Enrolled", "created_at": "2024-09-19T02:35:46.983Z", "updated_at": "2024-09-19T02:35:46.983Z"}}, {"model": "dashboard.enrollment", "pk": 21, "fields": {"student": 14, "course": 1, "enrollment_date": "2024-09-19T00:00:00Z", "completion_date": "2024-09-19T00:00:00Z", "status": "Enrolled", "created_at": "2024-09-19T02:35:59.613Z", "updated_at": "2024-09-19T02:35:59.613Z"}}, {"model": "dashboard.enrollment", "pk": 22, "fields": {"student": 14, "course": 4, "enrollment_date": "2024-09-19T00:00:00Z", "completion_date": "2024-09-19T00:00:00Z", "status": "Enrolled", "created_at": "2024-09-19T02:36:13.808Z", "updated_at": "2024-09-19T02:36:13.808Z"}}, {"model": "dashboard.enrollment", "pk": 23, "fields": {"student": 1, "course": 1, "enrollment_date": "2024-09-19T00:00:00Z", "completion_date": "2024-09-19T00:00:00Z", "status": "Enrolled", "created_at": "2024-09-19T02:36:27.818Z", "updated_at": "2024-09-19T02:36:27.818Z"}}, {"model": "dashboard.enrollment", "pk": 24, "fields": {"student": 1, "course": 23, "enrollment_date": "2024-09-19T00:00:00Z", "completion_date": "2024-09-19T00:00:00Z", "status": "Enrolled", "created_at": "2024-09-19T02:36:41.419Z", "updated_at": "2024-09-19T02:36:41.419Z"}}, {"model": "dashboard.enrollment", "pk": 25, "fields": {"student": 13, "course": 14, "enrollment_date": "2024-09-19T00:00:00Z", "completion_date": "2024-09-19T00:00:00Z", "status": "Enrolled", "created_at": "2024-09-19T02:36:53.599Z", "updated_at": "2024-09-19T02:36:53.600Z"}}, {"model": "dashboard.enrollment", "pk": 26, "fields": {"student": 13, "course": 2, "enrollment_date": "2024-09-19T00:00:00Z", "completion_date": "2024-09-19T00:00:00Z", "status": "Enrolled", "created_at": "2024-09-19T02:37:29.411Z", "updated_at": "2024-09-19T02:37:29.411Z"}}, {"model": "dashboard.enrollment", "pk": 27, "fields": {"student": 14, "course": 20, "enrollment_date": "2024-09-19T00:00:00Z", "completion_date": "2024-09-19T00:00:00Z", "status": "Enrolled", "created_at": "2024-09-19T02:37:41.382Z", "updated_at": "2024-09-19T02:37:41.382Z"}}, {"model": "dashboard.enrollment", "pk": 28, "fields": {"student": 6, "course": 13, "enrollment_date": "2024-09-19T00:00:00Z", "completion_date": "2024-09-19T00:00:00Z", "status": "Enrolled", "created_at": "2024-09-19T02:37:58.145Z", "updated_at": "2024-09-19T02:37:58.145Z"}}, {"model": "dashboard.enrollment", "pk": 29, "fields": {"student": 5, "course": 13, "enrollment_date": "2024-09-19T00:00:00Z", "completion_date": "2024-09-19T00:00:00Z", "status": "Enrolled", "created_at": "2024-09-19T02:38:16.289Z", "updated_at": "2024-09-19T02:38:16.289Z"}}, {"model": "dashboard.enrollment", "pk": 30, "fields": {"student": 9, "course": 10, "enrollment_date": "2024-09-19T00:00:00Z", "completion_date": "2024-09-19T00:00:00Z", "status": "Enrolled", "created_at": "2024-09-19T02:38:30.345Z", "updated_at": "2024-09-19T02:38:30.345Z"}}, {"model": "dashboard.enrollment", "pk": 31, "fields": {"student": 8, "course": 18, "enrollment_date": "2024-09-19T00:00:00Z", "completion_date": "2024-09-19T00:00:00Z", "status": "Enrolled", "created_at": "2024-09-19T02:38:43.592Z", "updated_at": "2024-09-19T02:38:43.592Z"}}, {"model": "dashboard.enrollment", "pk": 32, "fields": {"student": 12, "course": 11, "enrollment_date": "2024-09-19T00:00:00Z", "completion_date": "2024-09-19T00:00:00Z", "status": "Enrolled", "created_at": "2024-09-19T02:39:14.879Z", "updated_at": "2024-09-19T02:39:14.880Z"}}, {"model": "dashboard.enrollment", "pk": 33, "fields": {"student": 5, "course": 15, "enrollment_date": "2024-09-19T00:00:00Z", "completion_date": "2024-09-19T00:00:00Z", "status": "Enrolled", "created_at": "2024-09-19T02:39:42.642Z", "updated_at": "2024-09-19T02:39:42.642Z"}}, {"model": "dashboard.enrollment", "pk": 34, "fields": {"student": 1, "course": 29, "enrollment_date": "2024-09-19T00:00:00Z", "completion_date": "2024-09-19T00:00:00Z", "status": "Enrolled", "created_at": "2024-09-19T02:39:47.247Z", "updated_at": "2024-09-19T02:39:47.247Z"}}, {"model": "dashboard.enrollment", "pk": 35, "fields": {"student": 2, "course": 23, "enrollment_date": "2024-09-19T00:00:00Z", "completion_date": "2024-09-19T00:00:00Z", "status": "Enrolled", "created_at": "2024-09-19T02:40:03.804Z", "updated_at": "2024-09-19T02:40:03.804Z"}}, {"model": "dashboard.enrollment", "pk": 36, "fields": {"student": 9, "course": 25, "enrollment_date": "2024-09-19T00:00:00Z", "completion_date": "2024-09-19T00:00:00Z", "status": "Enrolled", "created_at": "2024-09-19T02:40:22.895Z", "updated_at": "2024-09-19T02:40:22.895Z"}}, {"model": "dashboard.enrollment", "pk": 37, "fields": {"student": 9, "course": 9, "enrollment_date": "2024-09-19T00:00:00Z", "completion_date": "2024-09-19T00:00:00Z", "status": "Enrolled", "created_at": "2024-09-19T02:40:40.239Z", "updated_at": "2024-09-19T02:40:40.239Z"}}, {"model": "dashboard.enrollment", "pk": 38, "fields": {"student": 15, "course": 1, "enrollment_date": "2024-09-19T00:00:00Z", "completion_date": "2024-09-19T00:00:00Z", "status": "Enrolled", "created_at": "2024-09-19T02:41:02.401Z", "updated_at": "2024-09-19T02:41:02.401Z"}}, {"model": "dashboard.enrollment", "pk": 39, "fields": {"student": 1, "course": 23, "enrollment_date": "2024-09-19T00:00:00Z", "completion_date": "2024-09-19T00:00:00Z", "status": "Enrolled", "created_at": "2024-09-19T02:41:19.867Z", "updated_at": "2024-09-19T02:41:19.867Z"}}, {"model": "dashboard.enrollment", "pk": 40, "fields": {"student": 14, "course": 3, "enrollment_date": "2024-09-19T00:00:00Z", "completion_date": "2024-09-19T00:00:00Z", "status": "Enrolled", "created_at": "2024-09-19T02:41:35.216Z", "updated_at": "2024-09-19T02:41:35.216Z"}}, {"model": "dashboard.enrollment", "pk": 41, "fields": {"student": 8, "course": 17, "enrollment_date": "2024-09-19T00:00:00Z", "completion_date": "2024-09-19T00:00:00Z", "status": "Enrolled", "created_at": "2024-09-19T02:41:51.022Z", "updated_at": "2024-09-19T02:41:51.022Z"}}, {"model": "dashboard.enrollment", "pk": 42, "fields": {"student": 7, "course": 9, "enrollment_date": "2024-09-19T00:00:00Z", "completion_date": "2024-09-19T00:00:00Z", "status": "Enrolled", "created_at": "2024-09-19T02:42:27.655Z", "updated_at": "2024-09-19T02:42:27.655Z"}}, {"model": "dashboard.enrollment", "pk": 43, "fields": {"student": 1, "course": 17, "enrollment_date": "2024-09-19T00:00:00Z", "completion_date": "2024-09-19T00:00:00Z", "status": "Enrolled", "created_at": "2024-09-19T02:42:44.806Z", "updated_at": "2024-09-19T02:42:44.806Z"}}, {"model": "dashboard.enrollment", "pk": 44, "fields": {"student": 4, "course": 17, "enrollment_date": "2024-09-19T00:00:00Z", "completion_date": "2024-09-19T00:00:00Z", "status": "Enrolled", "created_at": "2024-09-19T02:43:05.941Z", "updated_at": "2024-09-19T02:43:05.941Z"}}, {"model": "dashboard.enrollment", "pk": 45, "fields": {"student": 3, "course": 7, "enrollment_date": "2024-09-19T00:00:00Z", "completion_date": "2024-09-19T00:00:00Z", "status": "Enrolled", "created_at": "2024-09-19T02:43:19.497Z", "updated_at": "2024-09-19T02:43:19.497Z"}}, {"model": "dashboard.enrollment", "pk": 46, "fields": {"student": 12, "course": 3, "enrollment_date": "2024-09-19T00:00:00Z", "completion_date": "2024-09-19T00:00:00Z", "status": "Enrolled", "created_at": "2024-09-19T02:43:30.759Z", "updated_at": "2024-09-19T02:43:30.759Z"}}, {"model": "dashboard.enrollment", "pk": 47, "fields": {"student": 3, "course": 17, "enrollment_date": "2024-09-19T00:00:00Z", "completion_date": "2024-09-19T00:00:00Z", "status": "Enrolled", "created_at": "2024-09-19T02:43:46.674Z", "updated_at": "2024-09-19T02:43:46.674Z"}}, {"model": "dashboard.enrollment", "pk": 48, "fields": {"student": 9, "course": 17, "enrollment_date": "2024-09-19T00:00:00Z", "completion_date": "2024-09-19T00:00:00Z", "status": "Enrolled", "created_at": "2024-09-19T02:44:00.482Z", "updated_at": "2024-09-19T02:44:00.482Z"}}, {"model": "dashboard.enrollment", "pk": 49, "fields": {"student": 4, "course": 22, "enrollment_date": "2024-09-19T00:00:00Z", "completion_date": "2024-09-19T00:00:00Z", "status": "Enrolled", "created_at": "2024-09-19T02:44:20.865Z", "updated_at": "2024-09-19T02:44:20.865Z"}}, {"model": "dashboard.enrollment", "pk": 50, "fields": {"student": 15, "course": 11, "enrollment_date": "2024-09-19T00:00:00Z", "completion_date": "2024-09-19T00:00:00Z", "status": "Enrolled", "created_at": "2024-09-19T02:44:37.406Z", "updated_at": "2024-09-19T02:44:37.406Z"}}, {"model": "main.profile", "pk": 1, "fields": {"user": 2, "first_name": "Azalia", "middle_name": "Gage Bolton", "last_name": "Pacheco", "email": "p1@p1.com", "date_of_birth": "2024-09-19", "gender": "M", "contact_number": "491", "bio": "Dicta quia ex eligen", "img_url": "", "zip_code": "8271", "city": "Dolor dolor nesciunt quod earum deserunt fuga In", "province": "Iusto laboriosam sapiente quia perspiciatis sapi", "country": "Excepturi dolor qui ut corporis veniam voluptas m", "is_student": false, "is_professor": true, "created_at": "2024-09-19T01:08:40.538Z", "updated_at": "2024-09-19T10:12:04.691Z"}}, {"model": "main.profile", "pk": 2, "fields": {"user": 3, "first_name": "Laurel", "middle_name": "Hannah Grant", "last_name": "Holcomb", "email": "xovywenuhu@mailinator.com", "date_of_birth": "2024-09-19", "gender": "M", "contact_number": "418", "bio": "Et nobis laborum Na", "img_url": "", "zip_code": "2615", "city": "Sit deleniti dolore voluptas aliquid non in fugiat", "province": "Debitis tempore inventore omnis consequat Conseq", "country": "Sed ipsum sed eveniet quod eius harum itaque sint", "is_student": false, "is_professor": true, "created_at": "2024-09-19T01:09:06.516Z", "updated_at": "2024-09-19T01:09:21.255Z"}}, {"model": "main.profile", "pk": 3, "fields": {"user": 4, "first_name": "Macey", "middle_name": "Latifah Salazar", "last_name": "Hunt", "email": "datib@mailinator.com", "date_of_birth": "2024-09-19", "gender": "M", "contact_number": "372", "bio": "Mollitia exercitatio", "img_url": "", "zip_code": "8622", "city": "Doloremque aliqua Occaecat aspernatur cumque aut", "province": "Illo natus eos nisi qui temporibus molestiae sed", "country": "Corrupti voluptatum ut aut in consequatur eos off", "is_student": false, "is_professor": true, "created_at": "2024-09-19T01:09:50.525Z", "updated_at": "2024-09-19T01:10:54.805Z"}}, {"model": "main.profile", "pk": 4, "fields": {"user": 5, "first_name": "Dahlia", "middle_name": "May Levine", "last_name": "Swanson", "email": "rikaquhuj@mailinator.com", "date_of_birth": "2024-09-19", "gender": "F", "contact_number": "79", "bio": "Rerum aut mollit ut", "img_url": "", "zip_code": "6826", "city": "Inventore debitis voluptas ut deserunt possimus i", "province": "Voluptatem nesciunt voluptas aut nostrum eiusmod", "country": "Laborum eum quis fugiat id voluptate magni moles", "is_student": false, "is_professor": true, "created_at": "2024-09-19T01:10:13.782Z", "updated_at": "2024-09-19T01:10:47.837Z"}}, {"model": "main.profile", "pk": 5, "fields": {"user": 6, "first_name": "Iris", "middle_name": "Callum Woodard", "last_name": "Day", "email": "quketodum@mailinator.com", "date_of_birth": "2024-09-19", "gender": "M", "contact_number": "693", "bio": "In et ut aute necess", "img_url": "", "zip_code": "8404", "city": "Aliquid illum vel sit nemo sit esse voluptatem n", "province": "Dolor necessitatibus sequi vitae facere quod aliqu", "country": "Illo a soluta ipsam voluptas omnis optio architec", "is_student": false, "is_professor": true, "created_at": "2024-09-19T01:10:36.197Z", "updated_at": "2024-09-19T01:10:36.197Z"}}, {"model": "main.profile", "pk": 6, "fields": {"user": 7, "first_name": "Hilel", "middle_name": "Shellie Brewer", "last_name": "Bates", "email": "rapupoliwa@mailinator.com", "date_of_birth": "2024-09-19", "gender": "M", "contact_number": "627", "bio": "Cillum voluptatem si", "img_url": "", "zip_code": "4655", "city": "Tempore eum aute cum at sint qui et harum", "province": "Aperiam ullamco magni fugiat ipsam molestiae ab qu", "country": "Vitae aut dolore voluptas perspiciatis", "is_student": false, "is_professor": true, "created_at": "2024-09-19T01:11:20.448Z", "updated_at": "2024-09-19T01:11:20.448Z"}}, {"model": "main.profile", "pk": 7, "fields": {"user": 8, "first_name": "Melinda", "middle_name": "Jeremy Guerrero", "last_name": "French", "email": "nefyqi@mailinator.com", "date_of_birth": "2024-09-19", "gender": "F", "contact_number": "869", "bio": "Architecto quia exer", "img_url": "", "zip_code": "6391", "city": "Dolorem ipsum rerum expedita laborum cumque dolor", "province": "Provident reprehenderit voluptas quia autem id v", "country": "Id dolore nisi in tenetur ut nostrud id nihil iru", "is_student": false, "is_professor": true, "created_at": "2024-09-19T01:11:48.944Z", "updated_at": "2024-09-19T01:11:48.944Z"}}, {"model": "main.profile", "pk": 8, "fields": {"user": 9, "first_name": "MacKenzie", "middle_name": "Daria Ayers", "last_name": "Foster", "email": "nixynet@mailinator.com", "date_of_birth": "2024-09-19", "gender": "M", "contact_number": "895", "bio": "Quasi quo fugiat co", "img_url": "", "zip_code": "8870", "city": "Magnam odio aut explicabo Ipsam", "province": "Voluptas molestiae laudantium minima sit velit o", "country": "Amet perspiciatis reprehenderit facere dolor pa", "is_student": false, "is_professor": true, "created_at": "2024-09-19T01:12:40.408Z", "updated_at": "2024-09-19T01:12:40.408Z"}}, {"model": "main.profile", "pk": 9, "fields": {"user": 10, "first_name": "Teagan", "middle_name": "Fletcher", "last_name": "Sanford", "email": "quwiz@mailinator.com", "date_of_birth": "2024-09-19", "gender": "M", "contact_number": "875", "bio": "Sint tempore non q", "img_url": "", "zip_code": "8906", "city": "Explicabo Est ullamco lorem consequat Omnis est", "province": "Voluptas veniam numquam molestiae tempore sed", "country": "Est voluptatum iusto enim repudiandae assumenda e", "is_student": false, "is_professor": true, "created_at": "2024-09-19T01:13:34.782Z", "updated_at": "2024-09-19T01:13:34.782Z"}}, {"model": "main.profile", "pk": 10, "fields": {"user": 11, "first_name": "Kellie", "middle_name": "Doris", "last_name": "Grant", "email": "hodajeh@mailinator.com", "date_of_birth": "2024-09-19", "gender": "M", "contact_number": "832", "bio": "Autem quos velit ius", "img_url": "", "zip_code": "3054", "city": "Dolor id explicabo Sint ipsa aut sed totam volu", "province": "Dolorem consectetur et libero ea Nam rem eos natus", "country": "Eos et perferendis sed qui et assumenda omnis lore", "is_student": false, "is_professor": true, "created_at": "2024-09-19T01:14:03.083Z", "updated_at": "2024-09-19T01:14:03.083Z"}}, {"model": "main.profile", "pk": 11, "fields": {"user": 12, "first_name": "Scarlet", "middle_name": "Ryan Hendricks", "last_name": "Clarke", "email": "petyd@mailinator.com", "date_of_birth": "2024-09-19", "gender": "M", "contact_number": "273", "bio": "Voluptates qui minus", "img_url": "", "zip_code": "1686", "city": "Lorem enim rerum omnis aut aut elit est", "province": "Aute sint nihil laboriosam sed aliquam nemo cupid", "country": "Dolore possimus libero cupiditate enim aute vero", "is_student": true, "is_professor": false, "created_at": "2024-09-19T02:02:12.225Z", "updated_at": "2024-09-19T02:02:12.225Z"}}, {"model": "main.profile", "pk": 12, "fields": {"user": 13, "first_name": "Baker", "middle_name": "Jeremy Bright", "last_name": "Salas", "email": "macozab@mailinator.com", "date_of_birth": "2024-09-19", "gender": "M", "contact_number": "101", "bio": "Voluptatem quae omn", "img_url": "", "zip_code": "2369", "city": "Aliquip eu tempore expedita aliqua Voluptatem po", "province": "Anim eiusmod non quam id cupiditate expedita temp", "country": "Magni blanditiis est eligendi itaque consequat U", "is_student": true, "is_professor": false, "created_at": "2024-09-19T02:02:30.469Z", "updated_at": "2024-09-19T02:02:30.469Z"}}, {"model": "main.profile", "pk": 13, "fields": {"user": 14, "first_name": "Yuri", "middle_name": "Hanna Collins", "last_name": "Gentry", "email": "nekoj@mailinator.com", "date_of_birth": "2024-09-19", "gender": "F", "contact_number": "202", "bio": "Doloremque pariatur", "img_url": "", "zip_code": "9284", "city": "Amet neque dolorem ex ullam laboriosam placeat", "province": "Soluta eos animi voluptatem inventore consectetur", "country": "Cum corrupti consectetur placeat tempora ea arc", "is_student": true, "is_professor": false, "created_at": "2024-09-19T02:02:51.167Z", "updated_at": "2024-09-19T02:02:51.167Z"}}, {"model": "main.profile", "pk": 14, "fields": {"user": 15, "first_name": "Hillary", "middle_name": "Kevyn Sellers", "last_name": "Miranda", "email": "rajigahu@mailinator.com", "date_of_birth": "2024-09-19", "gender": "M", "contact_number": "256", "bio": "Qui est rerum aliqu", "img_url": "", "zip_code": "7656", "city": "Ducimus ullamco eos voluptatum dignissimos rerum", "province": "Ea id impedit aliquam earum doloribus ea assumend", "country": "Dolor ad non et est facilis nisi ea pariatur Mol", "is_student": true, "is_professor": false, "created_at": "2024-09-19T02:03:12.916Z", "updated_at": "2024-09-19T02:03:12.916Z"}}, {"model": "main.profile", "pk": 15, "fields": {"user": 16, "first_name": "Dane", "middle_name": "Brady Martinez", "last_name": "Keller", "email": "pysimy@mailinator.com", "date_of_birth": "2024-09-19", "gender": "F", "contact_number": "498", "bio": "Quam ut dolores sint", "img_url": "", "zip_code": "2394", "city": "Nemo id quis deleniti maxime", "province": "Sint labore assumenda ratione nulla inventore qui", "country": "Eius voluptatem inventore sunt voluptas in omnis", "is_student": true, "is_professor": false, "created_at": "2024-09-19T02:03:31.522Z", "updated_at": "2024-09-19T02:03:31.522Z"}}, {"model": "main.profile", "pk": 16, "fields": {"user": 17, "first_name": "Xanthus", "middle_name": "Amir Lowery", "last_name": "Morris", "email": "vedakisyc@mailinator.com", "date_of_birth": "2024-09-19", "gender": "M", "contact_number": "833", "bio": "Voluptatem doloribus", "img_url": "", "zip_code": "6253", "city": "Culpa sed quod consectetur irure et laborum eius", "province": "Provident consectetur omnis provident non qui vo", "country": "Tempor voluptatibus tempore est dolor labore proi", "is_student": true, "is_professor": false, "created_at": "2024-09-19T02:03:47.305Z", "updated_at": "2024-09-19T02:03:47.305Z"}}, {"model": "main.profile", "pk": 17, "fields": {"user": 18, "first_name": "Debra", "middle_name": "Aquila", "last_name": "Carr", "email": "nulaxyb@mailinator.com", "date_of_birth": "2024-09-19", "gender": "M", "contact_number": "930", "bio": "Quidem exercitatione", "img_url": "", "zip_code": "9318", "city": "Nesciunt suscipit voluptatem deserunt et et neque", "province": "Sapiente aut fugiat iste excepteur dolor quos pro", "country": "Qui dolor dolores iusto ut reprehenderit distincti", "is_student": true, "is_professor": false, "created_at": "2024-09-19T02:04:14.223Z", "updated_at": "2024-09-19T02:04:14.223Z"}}, {"model": "main.profile", "pk": 18, "fields": {"user": 19, "first_name": "Daniel", "middle_name": "Tanner Owen", "last_name": "Wood", "email": "pinyriram@mailinator.com", "date_of_birth": "2024-09-19", "gender": "M", "contact_number": "654", "bio": "Molestiae eius quo a", "img_url": "", "zip_code": "2292", "city": "Iusto culpa nihil aliqua Velit est exercitatione", "province": "Molestiae voluptatem eligendi nisi aut autem ea e", "country": "Aut saepe incididunt velit voluptate voluptas", "is_student": true, "is_professor": false, "created_at": "2024-09-19T02:22:21.587Z", "updated_at": "2024-09-19T02:22:21.587Z"}}, {"model": "main.profile", "pk": 19, "fields": {"user": 20, "first_name": "Octavia", "middle_name": "Dexter Riley", "last_name": "Frederick", "email": "qikic@mailinator.com", "date_of_birth": "2024-09-19", "gender": "F", "contact_number": "371", "bio": "Sunt quasi ipsum vo", "img_url": "", "zip_code": "3899", "city": "Dolor dolor inventore aut accusamus nisi et veniam", "province": "Fugiat dolore sit vero ut sint non sit et facer", "country": "Et dolor sunt nisi eiusmod laboris iure laboris do", "is_student": true, "is_professor": false, "created_at": "2024-09-19T02:22:44.284Z", "updated_at": "2024-09-19T02:22:44.284Z"}}, {"model": "main.profile", "pk": 20, "fields": {"user": 21, "first_name": "Madaline", "middle_name": "Omar Williams", "last_name": "Moreno", "email": "mipu@mailinator.com", "date_of_birth": "2024-09-19", "gender": "M", "contact_number": "79", "bio": "Autem aspernatur nob", "img_url": "", "zip_code": "8083", "city": "Beatae omnis aut accusantium molestiae distinctio", "province": "Est omnis quaerat dolor corporis anim", "country": "Ut duis aut adipisicing error quibusdam et laborum", "is_student": true, "is_professor": false, "created_at": "2024-09-19T02:22:59.631Z", "updated_at": "2024-09-19T02:22:59.631Z"}}, {"model": "main.profile", "pk": 21, "fields": {"user": 22, "first_name": "Oscar", "middle_name": "Hayfa Bryan", "last_name": "Hinton", "email": "mucyx@mailinator.com", "date_of_birth": "2024-09-19", "gender": "F", "contact_number": "206", "bio": "Natus similique aspe", "img_url": "", "zip_code": "2026", "city": "Neque quaerat qui quia totam labore nostrum repudi", "province": "In deserunt aut nisi omnis exercitationem excepteu", "country": "Optio ea enim qui consequatur pariatur Itaque s", "is_student": true, "is_professor": false, "created_at": "2024-09-19T02:23:22.174Z", "updated_at": "2024-09-19T02:23:22.174Z"}}, {"model": "main.profile", "pk": 22, "fields": {"user": 23, "first_name": "Clementine", "middle_name": "Miranda Cameron", "last_name": "Joseph", "email": "qilyfi@mailinator.com", "date_of_birth": "2024-09-19", "gender": "M", "contact_number": "488", "bio": "Sit id repellendus", "img_url": "", "zip_code": "4820", "city": "Quia optio nostrud minim alias anim quia labore e", "province": "Cupidatat vel dolore et quia porro ut est maiores", "country": "Ut ut ab reprehenderit est aut velit amet non ex", "is_student": true, "is_professor": false, "created_at": "2024-09-19T02:23:49.044Z", "updated_at": "2024-09-19T02:23:49.044Z"}}, {"model": "main.profile", "pk": 23, "fields": {"user": 24, "first_name": "Tucker", "middle_name": "Madeson Everett", "last_name": "Paul", "email": "byvupa@mailinator.com", "date_of_birth": "2024-09-19", "gender": "F", "contact_number": "533", "bio": "Esse earum enim comm", "img_url": "", "zip_code": "9651", "city": "Exercitationem eos et reprehenderit pariatur Vol", "province": "Sequi quis saepe eu possimus quis", "country": "Commodo quaerat est autem sint ipsa sunt accusant", "is_student": true, "is_professor": false, "created_at": "2024-09-19T02:24:04.814Z", "updated_at": "2024-09-19T02:24:04.814Z"}}, {"model": "main.profile", "pk": 24, "fields": {"user": 25, "first_name": "Darius", "middle_name": "Heather Watkins", "last_name": "Petersen", "email": "lodev@mailinator.com", "date_of_birth": "2024-09-12", "gender": "M", "contact_number": "694", "bio": "Ratione sed pariatur", "img_url": "", "zip_code": "5075", "city": "Do in culpa dicta eu non omnis doloremque in ratio", "province": "Ullamco non incidunt laboriosam qui velit neces", "country": "Ratione obcaecati eum mollitia voluptatum elit ul", "is_student": true, "is_professor": false, "created_at": "2024-09-19T02:24:30.724Z", "updated_at": "2024-09-19T02:24:30.724Z"}}, {"model": "main.profile", "pk": 25, "fields": {"user": 26, "first_name": "Tasha", "middle_name": "Astra Stephens", "last_name": "Robbins", "email": "gywer@mailinator.com", "date_of_birth": "2024-09-19", "gender": "F", "contact_number": "841", "bio": "Ad qui fugiat enim", "img_url": "", "zip_code": "6455", "city": "Nisi dolorem reiciendis qui dolor sint officiis a", "province": "Itaque do eiusmod nobis consectetur proident aliq", "country": "Eum omnis nesciunt illum in id", "is_student": true, "is_professor": false, "created_at": "2024-09-19T02:24:48.759Z", "updated_at": "2024-09-19T02:24:48.759Z"}}, {"model": "main.department", "pk": 1, "fields": {"name": "School of Nursing and Allied Medical Sciences", "abbr": "SNAS", "created_at": "2024-09-19T01:14:51.534Z", "updated_at": "2024-09-19T01:14:51.534Z"}}, {"model": "main.department", "pk": 2, "fields": {"name": "School of Arts and Sciences", "abbr": "SAS", "created_at": "2024-09-19T01:15:00.349Z", "updated_at": "2024-09-19T01:15:00.349Z"}}, {"model": "main.department", "pk": 3, "fields": {"name": "College of Criminal Justice Education and Forensic", "abbr": "CCJFF", "created_at": "2024-09-19T01:15:08.585Z", "updated_at": "2024-09-19T01:15:08.585Z"}}, {"model": "main.department", "pk": 4, "fields": {"name": "School of Computing", "abbr": "SOC", "created_at": "2024-09-19T01:15:14.690Z", "updated_at": "2024-09-19T01:15:14.690Z"}}, {"model": "main.department", "pk": 5, "fields": {"name": "School of Education", "abbr": "SED", "created_at": "2024-09-19T01:15:24.372Z", "updated_at": "2024-09-19T01:15:24.372Z"}}, {"model": "main.department", "pk": 6, "fields": {"name": "School of Hospitality and Tourism Management", "abbr": "SHTM", "created_at": "2024-09-19T01:15:38.654Z", "updated_at": "2024-09-19T01:15:38.654Z"}}, {"model": "main.department", "pk": 7, "fields": {"name": "School of Business and Accountancy", "abbr": "SBA", "created_at": "2024-09-19T01:15:48.281Z", "updated_at": "2024-09-19T01:15:48.281Z"}}, {"model": "main.department", "pk": 8, "fields": {"name": "School of Engineering and Architecture", "abbr": "SEA", "created_at": "2024-09-19T01:15:55.055Z", "updated_at": "2024-09-19T01:15:55.055Z"}}, {"model": "main.semester", "pk": 1, "fields": {"term": "1st", "start_year": 2024, "end_year": 2025, "created_at": "2024-09-19T01:22:13.252Z", "updated_at": "2024-09-19T01:22:13.252Z"}}, {"model": "main.semester", "pk": 2, "fields": {"term": "2nd", "start_year": 2024, "end_year": 2025, "created_at": "2024-09-19T01:22:20.987Z", "updated_at": "2024-09-19T01:22:20.987Z"}}, {"model": "main.semester", "pk": 3, "fields": {"term": "3rd", "start_year": 2024, "end_year": 2025, "created_at": "2024-09-19T01:22:31.674Z", "updated_at": "2024-09-19T01:22:31.674Z"}}, {"model": "main.block", "pk": 1, "fields": {"name": "CPE-101", "created_at": "2024-09-19T01:20:23.566Z", "updated_at": "2024-09-19T01:20:23.566Z"}}, {"model": "main.block", "pk": 2, "fields": {"name": "CPE-102", "created_at": "2024-09-19T01:20:31.772Z", "updated_at": "2024-09-19T01:20:31.772Z"}}, {"model": "main.block", "pk": 3, "fields": {"name": "CPE-103", "created_at": "2024-09-19T01:20:37.739Z", "updated_at": "2024-09-19T01:20:37.739Z"}}, {"model": "main.block", "pk": 4, "fields": {"name": "CPE-201", "created_at": "2024-09-19T01:20:46.241Z", "updated_at": "2024-09-19T01:20:46.241Z"}}, {"model": "main.block", "pk": 5, "fields": {"name": "CPE-202", "created_at": "2024-09-19T01:20:52.159Z", "updated_at": "2024-09-19T01:20:52.159Z"}}, {"model": "main.block", "pk": 6, "fields": {"name": "CPE-203", "created_at": "2024-09-19T01:20:57.166Z", "updated_at": "2024-09-19T01:20:57.166Z"}}, {"model": "main.block", "pk": 7, "fields": {"name": "CPE-301", "created_at": "2024-09-19T01:21:02.323Z", "updated_at": "2024-09-19T01:21:02.324Z"}}, {"model": "main.block", "pk": 8, "fields": {"name": "CPE-302", "created_at": "2024-09-19T01:21:07.071Z", "updated_at": "2024-09-19T01:21:07.071Z"}}, {"model": "main.block", "pk": 9, "fields": {"name": "CPE-401", "created_at": "2024-09-19T01:21:14.769Z", "updated_at": "2024-09-19T01:21:14.770Z"}}, {"model": "grade.activity", "pk": 2, "fields": {"course": 1, "name": "Test Activity 01", "score": 30, "created_at": "2024-09-21T13:35:32.018Z", "updated_at": "2024-09-21T13:35:32.018Z"}}, {"model": "grade.activity", "pk": 3, "fields": {"course": 1, "name": "Test Activity 02", "score": 30, "created_at": "2024-10-08T10:28:45.535Z", "updated_at": "2024-10-08T10:28:45.535Z"}}, {"model": "grade.exam", "pk": 3, "fields": {"course": 1, "name": "Test Exan 01", "score": 100, "created_at": "2024-09-21T13:38:49.162Z", "updated_at": "2024-09-21T13:38:49.162Z"}}, {"model": "grade.exam", "pk": 4, "fields": {"course": 1, "name": "Test Exam 02", "score": 100, "created_at": "2024-10-08T10:29:01.206Z", "updated_at": "2024-10-08T10:29:01.206Z"}}, {"model": "grade.studentactivity", "pk": 1, "fields": {"activity": 2, "student": 14, "score": 20, "created_at": "2024-09-21T13:35:32.027Z", "updated_at": "2024-10-08T11:51:00.110Z"}}, {"model": "grade.studentactivity", "pk": 2, "fields": {"activity": 2, "student": 1, "score": 20, "created_at": "2024-09-21T13:35:32.034Z", "updated_at": "2024-10-09T00:06:59.150Z"}}, {"model": "grade.studentactivity", "pk": 3, "fields": {"activity": 2, "student": 15, "score": 0, "created_at": "2024-09-21T13:35:32.040Z", "updated_at": "2024-09-21T13:35:32.040Z"}}, {"model": "grade.studentactivity", "pk": 4, "fields": {"activity": 3, "student": 14, "score": 0, "created_at": "2024-10-08T10:28:45.563Z", "updated_at": "2024-10-08T10:28:45.563Z"}}, {"model": "grade.studentactivity", "pk": 5, "fields": {"activity": 3, "student": 1, "score": 15, "created_at": "2024-10-08T10:28:45.568Z", "updated_at": "2024-10-09T00:07:08.945Z"}}, {"model": "grade.studentactivity", "pk": 6, "fields": {"activity": 3, "student": 15, "score": 0, "created_at": "2024-10-08T10:28:45.572Z", "updated_at": "2024-10-08T10:28:45.572Z"}}, {"model": "grade.studentexam", "pk": 1, "fields": {"exam": 3, "student": 14, "score": 40, "created_at": "2024-09-21T13:38:49.180Z", "updated_at": "2024-10-08T11:54:05.969Z"}}, {"model": "grade.studentexam", "pk": 2, "fields": {"exam": 3, "student": 1, "score": 100, "created_at": "2024-09-21T13:38:49.184Z", "updated_at": "2024-10-09T01:05:54.748Z"}}, {"model": "grade.studentexam", "pk": 3, "fields": {"exam": 3, "student": 15, "score": 0, "created_at": "2024-09-21T13:38:49.188Z", "updated_at": "2024-09-21T13:38:49.188Z"}}, {"model": "grade.studentexam", "pk": 4, "fields": {"exam": 4, "student": 14, "score": 0, "created_at": "2024-10-08T10:29:01.234Z", "updated_at": "2024-10-08T10:29:01.235Z"}}, {"model": "grade.studentexam", "pk": 5, "fields": {"exam": 4, "student": 1, "score": 85, "created_at": "2024-10-08T10:29:01.242Z", "updated_at": "2024-10-09T01:06:05.858Z"}}, {"model": "grade.studentexam", "pk": 6, "fields": {"exam": 4, "student": 15, "score": 0, "created_at": "2024-10-08T10:29:01.251Z", "updated_at": "2024-10-08T10:29:01.251Z"}}, {"model": "inbox.inbox", "pk": 1, "fields": {"sender": 2, "receiver": 12, "is_starred": false, "is_trashed": false, "subject": "Hello, World!", "content": "Hello, World!", "is_archived": false, "is_read": true, "created_at": "2024-09-19T09:35:14.389Z", "updated_at": "2024-09-19T10:02:08.037Z"}}, {"model": "inbox.inbox", "pk": 2, "fields": {"sender": 2, "receiver": 12, "is_starred": false, "is_trashed": true, "subject": "Hello, World! Testing One!", "content": "This is testing one!", "is_archived": false, "is_read": true, "created_at": "2024-09-19T09:35:49.868Z", "updated_at": "2024-09-19T11:50:10.013Z"}}, {"model": "inbox.inbox", "pk": 3, "fields": {"sender": 12, "receiver": 2, "is_starred": false, "is_trashed": false, "subject": "Subject Test 01", "content": "{\"ops\":[{\"insert\":\"This is random shit professor 01\\n\"}]}", "is_archived": false, "is_read": true, "created_at": "2024-09-19T10:30:33.706Z", "updated_at": "2024-09-19T10:36:43.385Z"}}, {"model": "todo.todo", "pk": 16, "fields": {"user": 2, "title": "Grade Course List", "is_completed": false, "created_at": "2024-09-21T10:23:40.143Z", "updated_at": "2024-09-21T10:23:40.143Z"}}, {"model": "todo.todo", "pk": 17, "fields": {"user": 2, "title": "Course Student List", "is_completed": false, "created_at": "2024-09-21T10:23:50.648Z", "updated_at": "2024-09-21T10:23:50.648Z"}}, {"model": "event.event", "pk": 1, "fields": {"user": 12, "title": "Hello, World!", "description": "Description", "start_date": "2024-09-24", "end_date": "2024-09-25", "start_time": "07:00:00", "end_time": "08:35:00", "created_at": "2024-09-20T07:20:22.226Z", "updated_at": "2024-09-20T07:20:22.226Z"}}]